system,mode,method,n_frames,seed,k_true,k_visited,k_bic,ari_bic,k_aic,ari_aic,k_icl,ari_icl,k_silhouette,ari_silhouette,k_elbow_gap,ari_elbow_gap,ari_oracle_k
alanine,short,pca,100,0,3,2,3,0.08147079906660046,15,0.011562087029886661,2,-0.02980826842420611,2,-0.02980826842420611,2,-0.02980826842420611,0.08147079906660046
alanine,short,pca,100,1,3,2,3,0.6511224513988245,15,0.17811009720604443,3,0.6511224513988245,2,1.0,2,1.0,0.6511224513988245
alanine,short,pca,100,2,3,2,2,-0.030159032968557604,4,0.01813234776996019,2,-0.030159032968557604,2,-0.030159032968557604,2,-0.030159032968557604,0.02042936718674401
alanine,short,pca,100,3,3,2,2,0.046221570066030816,15,0.0013709308889545979,1,0.0,2,0.046221570066030816,2,0.046221570066030816,0.010490693739424704
alanine,short,pca,100,4,3,2,3,0.18438936678858217,15,0.022796709753231493,3,0.18438936678858217,2,-0.0508101101749838,2,-0.0508101101749838,0.18438936678858217
alanine,short,pca,100,5,3,2,3,0.27913291289178094,15,0.05059845280190245,3,0.27913291289178094,3,0.27913291289178094,3,0.27913291289178094,0.27913291289178094
alanine,short,pca,100,6,3,2,4,0.03379478219315144,13,0.004830917874396135,4,0.03379478219315144,2,-0.007201490658206174,2,-0.007201490658206174,0.02935713314909618
alanine,short,pca,100,7,3,3,3,0.34757495137141814,15,0.059198354936868945,3,0.34757495137141814,3,0.34757495137141814,3,0.34757495137141814,0.34757495137141814
alanine,short,tica,100,0,3,2,1,0.0,15,0.0073089398269756125,1,0.0,13,0.003611947512458933,2,0.019004557169738968,0.02073528003749526
alanine,short,tica,100,1,3,2,1,0.0,15,0.013241735840208761,1,0.0,11,0.01526753466686877,3,0.009465494182126296,0.009465494182126296
alanine,short,tica,100,2,3,2,1,0.0,7,0.005053173837478943,1,0.0,5,-0.002237478868050032,3,0.015282395551412614,0.015282395551412614
alanine,short,tica,100,3,3,2,1,0.0,15,-0.0004742856631497937,1,0.0,2,-0.014109347442680775,2,-0.014109347442680775,-0.007193190641527124
alanine,short,tica,100,4,3,2,1,0.0,12,-0.0009312890403180012,1,0.0,15,-9.120826297560795e-05,3,-0.023292348202530514,-0.023292348202530514
alanine,short,tica,100,5,3,2,1,0.0,15,0.009693347856193454,1,0.0,2,-0.021551745544057834,3,0.0194535840858998,0.0194535840858998
alanine,short,tica,100,6,3,2,1,0.0,13,-0.0010425604546670725,1,0.0,2,-0.015873015873015872,3,-0.004248744689069139,-0.004248744689069139
alanine,short,tica,100,7,3,3,2,0.7089676060803427,15,0.04806555056505848,2,0.7089676060803427,2,0.7089676060803427,2,0.7089676060803427,0.19677702237684414
alanine,short,vae,100,0,3,2,1,0.0,1,0.0,1,0.0,2,0.007493599095377873,2,0.007493599095377873,0.010323082049948779
alanine,short,vae,100,1,3,2,1,0.0,1,0.0,1,0.0,2,0.5421764838938072,2,0.5421764838938072,0.44637689340392017
alanine,short,vae,100,2,3,2,1,0.0,1,0.0,1,0.0,2,-0.0022703549567796725,2,-0.0022703549567796725,-0.010400997436529273
alanine,short,vae,100,3,3,2,1,0.0,1,0.0,1,0.0,3,-0.0007444562418384408,3,-0.0007444562418384408,-0.0007444562418384408
alanine,short,vae,100,4,3,2,1,0.0,1,0.0,1,0.0,4,0.06176129255904384,2,-0.0019077502353310324,-0.009974840905727395
alanine,short,vae,100,5,3,2,1,0.0,5,0.17651984152105388,1,0.0,3,0.23830300841431856,2,-0.0484687157731287,0.23830300841431856
alanine,short,vae,100,6,3,2,1,0.0,15,0.002129752461398237,1,0.0,3,0.0035270139982181868,2,-0.00491035742834304,0.0035270139982181868
alanine,short,vae,100,7,3,3,1,0.0,1,0.0,1,0.0,3,0.1504797024687939,2,0.009292929292929294,0.1504797024687939
alanine,short,pca,250,0,3,2,4,0.10701000346537991,13,0.029969524960782486,3,0.17373722081919796,3,0.17373722081919796,2,-0.04936764389412174,0.17373722081919796
alanine,short,pca,250,1,3,2,4,0.44615293587410765,6,0.30435977616970084,3,0.5312849609624224,3,0.5312849609624224,3,0.5312849609624224,0.5312849609624224
alanine,short,pca,250,2,3,2,4,0.6275556062841285,11,0.13888171995439103,4,0.6275556062841285,4,0.6275556062841285,2,0.9021337812460567,0.6876898100293508
alanine,short,pca,250,3,3,2,4,0.6026419872962709,10,0.28560890310347525,3,0.7062379950382385,3,0.7062379950382385,2,0.9367686024430397,0.7062379950382385
alanine,short,pca,250,4,3,2,3,0.2260619767565734,12,0.03801791889382672,3,0.2260619767565734,3,0.2260619767565734,2,-0.06097705434064723,0.2260619767565734
alanine,short,pca,250,5,3,2,3,0.0988097068382284,6,0.036812886515215644,3,0.0988097068382284,2,-0.0272453659034354,2,-0.0272453659034354,0.0988097068382284
alanine,short,pca,250,6,3,2,4,0.09808560606654455,8,0.05002131485959263,3,0.20139144011172488,3,0.20139144011172488,2,-0.05863986837476272,0.20139144011172488
alanine,short,pca,250,7,3,3,3,0.6027260829092389,11,0.16387719371883439,3,0.6027260829092389,3,0.6027260829092389,3,0.6027260829092389,0.6027260829092389
alanine,short,tica,250,0,3,2,1,0.0,1,0.0,1,0.0,12,-0.003395076508447194,2,-0.03147031520343795,-0.011091004908029995
alanine,short,tica,250,1,3,2,2,0.9513342084835766,2,0.9513342084835766,2,0.9513342084835766,2,0.9513342084835766,2,0.9513342084835766,0.5204926301342024
alanine,short,tica,250,2,3,2,2,0.777853579930484,7,0.1834716478216965,2,0.777853579930484,2,0.777853579930484,2,0.777853579930484,0.47600655981347867
alanine,short,tica,250,3,3,2,3,0.8741123418860919,3,0.8741123418860919,2,0.9681276941574657,2,0.9681276941574657,2,0.9681276941574657,0.8741123418860919
alanine,short,tica,250,4,3,2,1,0.0,2,0.11670087605559051,1,0.0,12,0.01307879712719841,3,0.03974726021795251,0.03974726021795251
alanine,short,tica,250,5,3,2,1,0.0,1,0.0,1,0.0,8,-0.0008542061885938499,2,-0.005523003411613637,0.011982957657854384
alanine,short,tica,250,6,3,2,1,0.0,3,0.021178272050502097,1,0.0,8,0.01300600373599396,2,-0.0034577629482503616,0.021178272050502097
alanine,short,tica,250,7,3,3,2,0.9571913136433298,3,0.8552412429185112,2,0.9571913136433298,2,0.9571913136433298,2,0.9571913136433298,0.8552412429185112
alanine,short,vae,250,0,3,2,1,0.0,1,0.0,1,0.0,3,0.003581216181605746,3,0.003581216181605746,0.003581216181605746
alanine,short,vae,250,1,3,2,1,0.0,3,0.4366520020047892,1,0.0,3,0.4366520020047892,3,0.4366520020047892,0.4366520020047892
alanine,short,vae,250,2,3,2,1,0.0,1,0.0,1,0.0,7,0.16416111950963883,2,0.40546584639260363,0.4704220575941635
alanine,short,vae,250,3,3,2,1,0.0,1,0.0,1,0.0,3,0.49163778594184715,2,0.9367701908778431,0.49163778594184715
alanine,short,vae,250,4,3,2,1,0.0,1,0.0,1,0.0,5,0.06801766045151016,3,0.02538374554920646,0.02538374554920646
alanine,short,vae,250,5,3,2,1,0.0,1,0.0,1,0.0,2,-0.013718225827342017,2,-0.013718225827342017,0.060929581805067023
alanine,short,vae,250,6,3,2,1,0.0,1,0.0,1,0.0,3,0.09332807106610959,2,-0.0147169616128714,0.09332807106610959
alanine,short,vae,250,7,3,3,1,0.0,1,0.0,1,0.0,3,0.5251825955899799,3,0.5251825955899799,0.5251825955899799
alanine,short,pca,500,0,3,2,5,0.2791302639557352,8,0.17140500079619994,4,0.4234932785972667,3,0.4433937125691759,3,0.4433937125691759,0.4433937125691759
alanine,short,pca,500,1,3,2,5,0.39219867522790786,8,0.24527014337583247,3,0.5967440131301044,3,0.5967440131301044,3,0.5967440131301044,0.5967440131301044
alanine,short,pca,500,2,3,2,4,0.5913694220062804,12,0.18040052709809373,4,0.5913694220062804,4,0.5913694220062804,2,0.913763579275073,0.5937975355320735
alanine,short,pca,500,3,3,2,4,0.5650209138588964,15,0.15037953373948842,3,0.6453512873452552,3,0.6453512873452552,3,0.6453512873452552,0.6453512873452552
alanine,short,pca,500,4,3,2,7,0.2651360718693414,8,0.20997308559988098,3,0.5358413446244252,3,0.5358413446244252,3,0.5358413446244252,0.5358413446244252
alanine,short,pca,500,5,3,2,5,0.19483548183996555,15,0.07031099647922555,3,0.38751596051084924,3,0.38751596051084924,3,0.38751596051084924,0.38751596051084924
alanine,short,pca,500,6,3,2,4,0.09964805312965017,9,0.04248517340615747,3,0.22716954640186401,3,0.22716954640186401,2,-0.06049559045641587,0.22716954640186401
alanine,short,pca,500,7,3,3,4,0.5332080642612215,9,0.2788476376652505,3,0.6251002882469389,3,0.6251002882469389,3,0.6251002882469389,0.6251002882469389
alanine,short,tica,500,0,3,2,2,0.9413400655366766,4,0.3264744739951475,2,0.9413400655366766,2,0.9413400655366766,2,0.9413400655366766,0.44468582597891854
alanine,short,tica,500,1,3,2,2,0.9435016244419224,2,0.9435016244419224,2,0.9435016244419224,2,0.9435016244419224,2,0.9435016244419224,0.8614168487304155
alanine,short,tica,500,2,3,2,2,0.952480982577171,2,0.952480982577171,2,0.952480982577171,2,0.952480982577171,2,0.952480982577171,0.7467910220148541
alanine,short,tica,500,3,3,2,2,0.9839947950075317,4,0.5629889647336632,2,0.9839947950075317,2,0.9839947950075317,2,0.9839947950075317,0.6233243599459379
alanine,short,tica,500,4,3,2,3,0.5911731337812768,3,0.5911731337812768,2,0.9750912033195522,2,0.9750912033195522,2,0.9750912033195522,0.5911731337812768
alanine,short,tica,500,5,3,2,3,0.49656952548691435,4,0.3195971201206583,2,0.9898044934717042,2,0.9898044934717042,2,0.9898044934717042,0.49656952548691435
alanine,short,tica,500,6,3,2,1,0.0,2,-0.0022938185029435076,1,0.0,13,0.00808195432076061,3,0.03300841624249138,0.03300841624249138
alanine,short,tica,500,7,3,3,2,0.9787790953406432,3,0.8086045416275023,2,0.9787790953406432,2,0.9787790953406432,2,0.9787790953406432,0.8086045416275023
alanine,short,vae,500,0,3,2,1,0.0,3,0.4294850412651702,1,0.0,3,0.4294850412651702,3,0.4294850412651702,0.4294850412651702
alanine,short,vae,500,1,3,2,1,0.0,5,0.23269549877296633,1,0.0,3,0.398802851543816,2,0.5102530834614044,0.398802851543816
alanine,short,vae,500,2,3,2,1,0.0,6,0.33450871489541706,1,0.0,3,0.5239394196949635,3,0.5239394196949635,0.5239394196949635
alanine,short,vae,500,3,3,2,1,0.0,5,0.34346272931765115,1,0.0,3,0.49464696954900017,3,0.49464696954900017,0.49464696954900017
alanine,short,vae,500,4,3,2,2,0.9106651143020779,2,0.9106651143020779,1,0.0,3,0.4642269458236668,3,0.4642269458236668,0.4642269458236668
alanine,short,vae,500,5,3,2,1,0.0,3,0.3635712757509382,1,0.0,4,0.2566537716585704,2,-0.012730796394745475,0.3635712757509382
alanine,short,vae,500,6,3,2,1,0.0,5,0.07974657735654583,1,0.0,6,0.06834343713752036,2,0.014733641444723418,0.14091121504981208
alanine,short,vae,500,7,3,3,1,0.0,3,0.4701053878044529,1,0.0,3,0.4701053878044529,3,0.4701053878044529,0.4701053878044529
alanine,short,pca,1000,0,3,2,6,0.2602101426248732,11,0.14433804071083856,4,0.45441900801199664,3,0.48677885739710325,3,0.48677885739710325,0.48677885739710325
alanine,short,pca,1000,1,3,2,6,0.22701494439137168,8,0.16979491180831044,3,0.4557385834501892,3,0.4557385834501892,3,0.4557385834501892,0.4557385834501892
alanine,short,pca,1000,2,3,2,5,0.3654695294522034,12,0.16948999728211694,4,0.5366575222947348,3,0.5754256207294836,3,0.5754256207294836,0.5754256207294836
alanine,short,pca,1000,3,3,2,7,0.29201681643410043,14,0.14638054726825714,3,0.6347456545767997,3,0.6347456545767997,3,0.6347456545767997,0.6347456545767997
alanine,short,pca,1000,4,3,2,6,0.28383539468064795,9,0.1779921409979375,4,0.48738756306127934,3,0.5267178163629956,3,0.5267178163629956,0.5267178163629956
alanine,short,pca,1000,5,3,2,4,0.46910400516640544,15,0.12550776428698865,3,0.5529383933671497,3,0.5529383933671497,3,0.5529383933671497,0.5529383933671497
alanine,short,pca,1000,6,3,2,5,0.20952722869093984,12,0.08867196552395007,4,0.4063523611276797,4,0.4063523611276797,3,0.40481689284281963,0.40481689284281963
alanine,short,pca,1000,7,3,3,6,0.3973509995615115,7,0.2875869551442314,3,0.6000893846627194,3,0.6000893846627194,3,0.6000893846627194,0.6000893846627194
alanine,short,tica,1000,0,3,2,4,0.5159645897033219,4,0.5159645897033219,2,0.950663798338763,2,0.950663798338763,3,0.7656203260378567,0.7656203260378567
alanine,short,tica,1000,1,3,2,2,0.95120585086238,3,0.9105406653022885,2,0.95120585086238,2,0.95120585086238,2,0.95120585086238,0.9105406653022885
alanine,short,tica,1000,2,3,2,3,0.9301562783312648,3,0.9301562783312648,2,0.9559705252123157,2,0.9559705252123157,2,0.9559705252123157,0.9301562783312648
alanine,short,tica,1000,3,3,2,3,0.8547543230239805,8,0.3094679041602636,2,0.9760806558206467,2,0.9760806558206467,2,0.9760806558206467,0.8547543230239805
alanine,short,tica,1000,4,3,2,4,0.5029887368284902,4,0.5029887368284902,3,0.9286580223744221,2,0.9789616644607811,2,0.9789616644607811,0.9286580223744221
alanine,short,tica,1000,5,3,2,3,0.6880978437289971,7,0.299266609465037,2,0.9557487143829422,2,0.9557487143829422,2,0.9557487143829422,0.6880978437289971
alanine,short,tica,1000,6,3,2,2,0.9464982558088204,5,0.20372460154692004,2,0.9464982558088204,2,0.9464982558088204,3,0.3664806762805811,0.3664806762805811
alanine,short,tica,1000,7,3,3,3,0.9268327319363997,3,0.9268327319363997,2,0.957494494818508,2,0.957494494818508,2,0.957494494818508,0.9268327319363997
alanine,short,vae,1000,0,3,2,3,0.4789790083211833,8,0.16696437846567436,1,0.0,3,0.4789790083211833,3,0.4789790083211833,0.4789790083211833
alanine,short,vae,1000,1,3,2,1,0.0,6,0.24681405124594843,1,0.0,7,0.16746035777304916,2,0.16099461251852504,0.01452168978895329
alanine,short,vae,1000,2,3,2,2,0.9284914055078706,15,0.12055681654972245,1,0.0,3,0.5467997338722032,3,0.5467997338722032,0.5467997338722032
alanine,short,vae,1000,3,3,2,3,0.463073046059634,8,0.25197857359072173,1,0.0,3,0.463073046059634,3,0.463073046059634,0.463073046059634
alanine,short,vae,1000,4,3,2,3,0.4976638278740547,15,0.09483383142768925,1,0.0,3,0.4976638278740547,3,0.4976638278740547,0.4976638278740547
alanine,short,vae,1000,5,3,2,3,0.5526415197760816,5,0.31329332519476305,1,0.0,3,0.5526415197760816,2,0.9359717896437579,0.5526415197760816
alanine,short,vae,1000,6,3,2,1,0.0,4,0.22265120330956498,1,0.0,3,0.3304307995498981,3,0.3304307995498981,0.3304307995498981
alanine,short,vae,1000,7,3,3,3,0.5511190439610607,5,0.3399311945832072,1,0.0,3,0.5511190439610607,2,0.8766618134023736,0.5511190439610607
alanine,short,pca,2000,0,3,2,9,0.20754447651350358,12,0.1501474469225043,4,0.5230449397320005,3,0.5773267449274704,3,0.5773267449274704,0.5773267449274704
alanine,short,pca,2000,1,3,3,6,0.2710596958767429,12,0.15408889547532884,3,0.5350585450229578,3,0.5350585450229578,3,0.5350585450229578,0.5350585450229578
alanine,short,pca,2000,2,3,3,8,0.23821063443966223,14,0.12294837213299246,4,0.5341617375694213,3,0.5656858723955771,3,0.5656858723955771,0.5656858723955771
alanine,short,pca,2000,3,3,2,7,0.2664373873317743,14,0.15810452656699422,4,0.519484520789245,3,0.5695683256410764,3,0.5695683256410764,0.5695683256410764
alanine,short,pca,2000,4,3,3,6,0.29326676523269724,14,0.10268361287950013,3,0.5036498698395215,3,0.5036498698395215,3,0.5036498698395215,0.5036498698395215
alanine,short,pca,2000,5,3,2,7,0.28791468735586373,12,0.1447385171266619,4,0.48579566386386014,3,0.5454375715786207,3,0.5454375715786207,0.5454375715786207
alanine,short,pca,2000,6,3,2,8,0.17885768323271892,15,0.10328125244609565,4,0.4900965852864481,3,0.5106314664520147,3,0.5106314664520147,0.5106314664520147
alanine,short,pca,2000,7,3,3,8,0.23096966594938081,14,0.1750682078077177,4,0.43108987220981,3,0.41829896424282687,2,0.4989668022849867,0.41829896424282687
alanine,short,tica,2000,0,3,2,3,0.9116703186016757,6,0.46473721193787215,3,0.9116703186016757,2,0.9463710591960243,2,0.9463710591960243,0.9116703186016757
alanine,short,tica,2000,1,3,3,3,0.9030667742298942,4,0.5123098176581119,2,0.938873350490663,2,0.938873350490663,2,0.938873350490663,0.9030667742298942
alanine,short,tica,2000,2,3,3,3,0.9161516878735254,4,0.5735665522202411,3,0.9161516878735254,2,0.9482876736095727,2,0.9482876736095727,0.9161516878735254
alanine,short,tica,2000,3,3,2,3,0.9194357725329645,7,0.4064187786636746,3,0.9194357725329645,2,0.9599701406703866,2,0.9599701406703866,0.9194357725329645
alanine,short,tica,2000,4,3,3,4,0.5851711095415947,4,0.5851711095415947,3,0.9109408454630048,2,0.9583915940327282,2,0.9583915940327282,0.9109408454630048
alanine,short,tica,2000,5,3,2,3,0.905919929661518,4,0.626073761619964,2,0.9597241505298802,2,0.9597241505298802,2,0.9597241505298802,0.905919929661518
alanine,short,tica,2000,6,3,2,4,0.4487758970488074,4,0.4487758970488074,2,0.9560272712458195,2,0.9560272712458195,2,0.9560272712458195,0.5077692621530184
alanine,short,tica,2000,7,3,3,5,0.8724492610631503,11,0.46264317937396393,4,0.8987227069257439,4,0.8987227069257439,3,0.9925643554937853,0.9925643554937853
alanine,short,vae,2000,0,3,2,3,0.5791404962035123,15,0.11942205211775157,1,0.0,3,0.5791404962035123,2,0.8943275644727009,0.5791404962035123
alanine,short,vae,2000,1,3,3,4,0.2950397045986274,13,0.10418851680707009,1,0.0,3,0.3901182179020027,2,0.6473638318876338,0.3901182179020027
alanine,short,vae,2000,2,3,3,3,0.5605897186512723,14,0.11702485146714738,1,0.0,3,0.5605897186512723,3,0.5605897186512723,0.5605897186512723
alanine,short,vae,2000,3,3,2,4,0.44445189774722343,13,0.14035127789202667,1,0.0,3,0.5174079441146893,2,0.7298532388695619,0.5174079441146893
alanine,short,vae,2000,4,3,3,3,0.5157458430864078,14,0.10155653818301044,1,0.0,3,0.5157458430864078,3,0.5157458430864078,0.5157458430864078
alanine,short,vae,2000,5,3,2,3,0.5223642933755599,9,0.19207967496769202,1,0.0,3,0.5223642933755599,3,0.5223642933755599,0.5223642933755599
alanine,short,vae,2000,6,3,2,3,0.4212698672673472,13,0.10699622544814456,1,0.0,3,0.4212698672673472,3,0.4212698672673472,0.4212698672673472
alanine,short,vae,2000,7,3,3,6,0.553692660357053,14,0.2626831467122734,1,0.0,3,0.5233652999667726,3,0.5233652999667726,0.5233652999667726
alanine,short,pca,4000,0,3,3,9,0.2114482059203174,12,0.15483305010606913,4,0.5232232434782722,3,0.5659894951539747,3,0.5659894951539747,0.5659894951539747
alanine,short,pca,4000,1,3,3,8,0.21648182215896214,15,0.10638715286724618,3,0.5357235292304379,3,0.5357235292304379,3,0.5357235292304379,0.5357235292304379
alanine,short,pca,4000,2,3,3,9,0.2074298165685199,15,0.12162371323505,3,0.5547229179823473,3,0.5547229179823473,3,0.5547229179823473,0.5547229179823473
alanine,short,pca,4000,3,3,2,8,0.267098903243381,15,0.12538488801397585,4,0.5172291139002798,3,0.5635003701747886,3,0.5635003701747886,0.5635003701747886
alanine,short,pca,4000,4,3,3,7,0.26685583440647803,15,0.1014814342650333,4,0.47707261965370407,3,0.5041765905118533,3,0.5041765905118533,0.5041765905118533
alanine,short,pca,4000,5,3,2,9,0.2041414122705084,14,0.13240969355888438,4,0.5187074079941046,3,0.5591227340117307,3,0.5591227340117307,0.5591227340117307
alanine,short,pca,4000,6,3,2,7,0.24725269671015113,15,0.10888796698141118,3,0.5277579114311478,3,0.5277579114311478,3,0.5277579114311478,0.5277579114311478
alanine,short,pca,4000,7,3,3,9,0.18209421094933323,14,0.11741895559540005,3,0.4586122900019154,3,0.4586122900019154,2,0.44149382670074705,0.4586122900019154
alanine,short,tica,4000,0,3,3,4,0.6490553869170801,8,0.2658156026181953,3,0.8984064653265451,2,0.9269944521169539,2,0.9269944521169539,0.8984064653265451
alanine,short,tica,4000,1,3,3,3,0.9035512359461023,6,0.32770151151188964,3,0.9035512359461023,2,0.9439685601896433,2,0.9439685601896433,0.9035512359461023
alanine,short,tica,4000,2,3,3,5,0.5295450069673333,5,0.5295450069673333,3,0.9051179088114105,2,0.9490541713119126,2,0.9490541713119126,0.9051179088114105
alanine,short,tica,4000,3,3,2,4,0.6437358709762658,4,0.6437358709762658,3,0.9100926181993995,2,0.9452654887414857,2,0.9452654887414857,0.9100926181993995
alanine,short,tica,4000,4,3,3,4,0.6585991772000737,7,0.2757759413742152,3,0.8847678046296065,2,0.9388588276275105,2,0.9388588276275105,0.8847678046296065
alanine,short,tica,4000,5,3,2,4,0.6920555697737973,5,0.5791036416863322,3,0.9040182979172067,2,0.9538717750140975,2,0.9538717750140975,0.9040182979172067
alanine,short,tica,4000,6,3,2,3,0.9112043790395856,8,0.24278431483089177,3,0.9112043790395856,2,0.9438443310922894,2,0.9438443310922894,0.9112043790395856
alanine,short,tica,4000,7,3,3,8,0.40304832508971283,12,0.32726819112981687,4,0.7916777803211569,4,0.7916777803211569,4,0.7916777803211569,0.7601552847790138
alanine,short,vae,4000,0,3,3,5,0.3281198724713138,15,0.11513427497480563,1,0.0,3,0.5629300804062378,3,0.5629300804062378,0.5629300804062378
alanine,short,vae,4000,1,3,3,5,0.2969713263409135,14,0.10504354517758065,1,0.0,3,0.525612767583208,3,0.525612767583208,0.525612767583208
alanine,short,vae,4000,2,3,3,4,0.37027228843805204,14,0.11458702924767598,1,0.0,3,0.5438412532035972,3,0.5438412532035972,0.5438412532035972
alanine,short,vae,4000,3,3,2,3,0.5016634404473816,14,0.11998263853716347,1,0.0,3,0.5016634404473816,3,0.5016634404473816,0.5016634404473816
alanine,short,vae,4000,4,3,3,10,0.14980322712961147,10,0.14980322712961147,1,0.0,3,0.5187054634520735,3,0.5187054634520735,0.5187054634520735
alanine,short,vae,4000,5,3,2,7,0.24548924781839537,13,0.12941416055773822,1,0.0,3,0.5449498229623054,2,0.916666178920883,0.5449498229623054
alanine,short,vae,4000,6,3,2,4,0.33563989878529826,15,0.09821691332866782,1,0.0,3,0.5282324984371682,3,0.5282324984371682,0.5282324984371682
alanine,short,vae,4000,7,3,3,12,0.1727856716811575,14,0.15899697905988205,1,0.0,2,0.6365340914913048,2,0.6365340914913048,0.31649572638383683
alanine,short,pca,8000,0,3,3,10,0.18088490036656438,15,0.13142358074780763,4,0.5150276710420525,3,0.5559184385588939,3,0.5559184385588939,0.5559184385588939
alanine,short,pca,8000,1,3,3,8,0.1957061485263647,15,0.10686830396349573,4,0.5062601220729219,3,0.5360830727111411,3,0.5360830727111411,0.5360830727111411
alanine,short,pca,8000,2,3,3,9,0.2126451454405478,15,0.12903850220320798,4,0.5197631684130242,3,0.5602508658151449,3,0.5602508658151449,0.5602508658151449
alanine,short,pca,8000,3,3,3,11,0.17138097107302638,15,0.12365213245268675,4,0.530836757133474,3,0.5800905272206603,3,0.5800905272206603,0.5800905272206603
alanine,short,pca,8000,4,3,3,12,0.1520997037641627,13,0.13048857627009608,4,0.5175317369665773,3,0.5576844493296765,3,0.5576844493296765,0.5576844493296765
alanine,short,pca,8000,5,3,2,9,0.22733092648029116,14,0.1308066857983396,4,0.5409185178460594,3,0.5888253909979538,3,0.5888253909979538,0.5888253909979538
alanine,short,pca,8000,6,3,3,9,0.18549432649379613,15,0.11244923381827993,4,0.5062700362607048,3,0.5390913405013675,3,0.5390913405013675,0.5390913405013675
alanine,short,pca,8000,7,3,3,13,0.13434408099729656,14,0.12355053813671309,4,0.4287658586437493,2,0.49805614175826196,2,0.49805614175826196,0.4777351332895069
alanine,short,tica,8000,0,3,3,4,0.5698696498822081,9,0.3158474091456342,3,0.8838151868314098,2,0.9368142646662811,2,0.9368142646662811,0.8838151868314098
alanine,short,tica,8000,1,3,3,4,0.7132737942903025,13,0.16668432925914095,3,0.894003693750409,2,0.9435705028661049,2,0.9435705028661049,0.894003693750409
alanine,short,tica,8000,2,3,3,8,0.26108564645956717,12,0.1853799134877172,3,0.8937378273290693,2,0.9398281352512257,2,0.9398281352512257,0.8937378273290693
alanine,short,tica,8000,3,3,3,4,0.595043632123703,14,0.15061279909495262,3,0.9006597462641868,2,0.9421907112962407,2,0.9421907112962407,0.9006597462641868
alanine,short,tica,8000,4,3,3,6,0.4948850393024377,6,0.4948850393024377,3,0.8885373199411905,2,0.9515571936477017,2,0.9515571936477017,0.8885373199411905
alanine,short,tica,8000,5,3,2,4,0.7253929986161188,7,0.40214233421906986,3,0.9012605269653803,2,0.9571101383468982,2,0.9571101383468982,0.9012605269653803
alanine,short,tica,8000,6,3,3,5,0.46306139815611347,5,0.46306139815611347,3,0.8907000860698956,2,0.9452060828094412,2,0.9452060828094412,0.8907000860698956
alanine,short,tica,8000,7,3,3,11,0.34760653096268734,13,0.2709792826890064,4,0.825569930548938,4,0.825569930548938,4,0.825569930548938,0.787874303082192
alanine,short,vae,8000,0,3,3,9,0.18809856291265153,14,0.12058627716781463,1,0.0,3,0.5404883122498406,3,0.5404883122498406,0.5404883122498406
alanine,short,vae,8000,1,3,3,5,0.27297508670113985,15,0.09750606192362653,1,0.0,3,0.5083694266980046,3,0.5083694266980046,0.5083694266980046
alanine,short,vae,8000,2,3,3,11,0.1553655354290409,14,0.1323891826774776,1,0.0,3,0.5705254571335648,3,0.5705254571335648,0.5705254571335648
alanine,short,vae,8000,3,3,3,8,0.20454465961432364,15,0.1235330082224828,1,0.0,3,0.5666339893393624,2,0.7851194546246367,0.5666339893393624
alanine,short,vae,8000,4,3,3,6,0.2756192476843898,12,0.13376181216217575,1,0.0,3,0.5283938706643537,3,0.5283938706643537,0.5283938706643537
alanine,short,vae,8000,5,3,2,9,0.21651422516385552,15,0.12818623163059603,1,0.0,3,0.5633612146515656,2,0.9340744280279265,0.5633612146515656
alanine,short,vae,8000,6,3,3,10,0.16081879383303127,15,0.09715923590147892,1,0.0,3,0.5206870282129528,3,0.5206870282129528,0.5206870282129528
alanine,short,vae,8000,7,3,3,12,0.1846188552345372,14,0.17174034423355192,1,0.0,3,0.6471792777418565,2,0.6310487569641546,0.6471792777418565
alanine,short,pca,16000,0,3,3,13,0.13437218916585028,15,0.1147851044845251,4,0.515935067411419,3,0.5526474741625262,3,0.5526474741625262,0.5526474741625262
alanine,short,pca,16000,1,3,3,15,0.11091500200438507,15,0.11091500200438507,4,0.5049661534414577,3,0.5363584773905629,3,0.5363584773905629,0.5363584773905629
alanine,short,pca,16000,2,3,3,13,0.1328384564984564,15,0.11544157339335301,4,0.514696826362342,3,0.5525691981084792,3,0.5525691981084792,0.5525691981084792
alanine,short,pca,16000,3,3,3,12,0.1485796756277259,14,0.12887832798281698,4,0.5223337094902724,3,0.5604367866298027,3,0.5604367866298027,0.5604367866298027
alanine,short,pca,16000,4,3,3,12,0.15143756670358205,15,0.12046875809488111,4,0.5279727983340593,3,0.5720065584206627,3,0.5720065584206627,0.5720065584206627
alanine,short,pca,16000,5,3,3,13,0.14758514650658033,15,0.13172624262500876,4,0.5267551357945002,3,0.5712324620070799,3,0.5712324620070799,0.5712324620070799
alanine,short,pca,16000,6,3,3,15,0.11248913142919299,15,0.11248913142919299,4,0.5006586783181222,3,0.5326179751746595,3,0.5326179751746595,0.5326179751746595
alanine,short,pca,16000,7,3,3,11,0.19732264073963607,15,0.15039210894953528,4,0.42326897200539343,3,0.4122730264878611,2,0.5949350888817098,0.4122730264878611
alanine,short,tica,16000,0,3,3,9,0.25508323257168486,15,0.13981344009400068,3,0.8711947429111458,2,0.938411310145595,2,0.938411310145595,0.8711947429111458
alanine,short,tica,16000,1,3,3,5,0.4607527615805726,11,0.18826352305599167,3,0.8705347730187525,2,0.9226980384355552,2,0.9226980384355552,0.8705347730187525
alanine,short,tica,16000,2,3,3,5,0.49771547976070185,14,0.1366072316401141,3,0.8800925405142385,2,0.9375617794441169,2,0.9375617794441169,0.8800925405142385
alanine,short,tica,16000,3,3,3,5,0.4855647913911462,11,0.20756585848646447,3,0.8924412223409307,2,0.9490051794395861,2,0.9490051794395861,0.8924412223409307
alanine,short,tica,16000,4,3,3,5,0.5520858000561328,13,0.17222168929419332,3,0.8961749702190572,2,0.9488622445953768,2,0.9488622445953768,0.8961749702190572
alanine,short,tica,16000,5,3,3,6,0.3892380388700505,14,0.1690775881243412,3,0.8919027756087593,2,0.9470396391189184,2,0.9470396391189184,0.8919027756087593
alanine,short,tica,16000,6,3,3,7,0.29890447011898846,8,0.24973135014661402,3,0.8704783336167506,2,0.9281669519948318,2,0.9281669519948318,0.8704783336167506
alanine,short,tica,16000,7,3,3,11,0.4667028012255209,15,0.35185682581178923,5,0.8960865357414608,4,0.9299752534732331,3,0.9739085956135698,0.9739085956135698
alanine,short,vae,16000,0,3,3,14,0.124442157695074,14,0.124442157695074,1,0.0,3,0.5577051997821684,3,0.5577051997821684,0.5577051997821684
alanine,short,vae,16000,1,3,3,11,0.14941220473219127,14,0.11571204678983957,1,0.0,3,0.539353605891538,3,0.539353605891538,0.539353605891538
alanine,short,vae,16000,2,3,3,13,0.12015375629554545,15,0.11283146271881414,1,0.0,3,0.5226613235029268,3,0.5226613235029268,0.5226613235029268
alanine,short,vae,16000,3,3,3,14,0.1236405160205801,14,0.1236405160205801,1,0.0,3,0.5590196461449509,3,0.5590196461449509,0.5590196461449509
alanine,short,vae,16000,4,3,3,12,0.1415402358261835,15,0.11919033319290703,1,0.0,3,0.5241576551311316,3,0.5241576551311316,0.5241576551311316
alanine,short,vae,16000,5,3,3,14,0.12422274360488729,14,0.12422274360488729,1,0.0,3,0.589399566460553,3,0.589399566460553,0.589399566460553
alanine,short,vae,16000,6,3,3,13,0.11522384362741732,15,0.10335708859374992,1,0.0,3,0.5210812546682014,3,0.5210812546682014,0.5210812546682014
alanine,short,vae,16000,7,3,3,15,0.23670333453921427,15,0.23670333453921427,1,0.0,3,0.4070956922672189,2,0.5936692597737917,0.4070956922672189
alanine,short,pca,32000,0,3,3,13,0.13732214950110228,15,0.12436088251144227,4,0.4951414224653142,3,0.5296576398020242,3,0.5296576398020242,0.5296576398020242
alanine,short,pca,32000,1,3,3,15,0.11717836454019946,15,0.11717836454019946,4,0.5223625356873373,3,0.5646960032142734,3,0.5646960032142734,0.5646960032142734
alanine,short,pca,32000,2,3,3,14,0.13578909803213468,15,0.11856122152299202,4,0.5118624066583731,3,0.5525609525484961,3,0.5525609525484961,0.5525609525484961
alanine,short,pca,32000,3,3,3,14,0.13315073845673508,15,0.12189207705900072,4,0.5242468009814776,3,0.5657952856218731,3,0.5657952856218731,0.5657952856218731
alanine,short,pca,32000,4,3,3,15,0.11859720795465699,15,0.11859720795465699,4,0.5220553328210835,3,0.5651164316013936,3,0.5651164316013936,0.5651164316013936
alanine,short,pca,32000,5,3,3,15,0.11762250461836059,15,0.11762250461836059,4,0.5205151708539938,3,0.5617492913463017,3,0.5617492913463017,0.5617492913463017
alanine,short,pca,32000,6,3,3,14,0.1271618831585642,15,0.12259875172574917,3,0.5664617545529733,3,0.5664617545529733,3,0.5664617545529733,0.5664617545529733
alanine,short,pca,32000,7,3,3,15,0.1287787359876656,15,0.1287787359876656,4,0.4428819974917977,3,0.4585418333171631,2,0.7252737968446612,0.4585418333171631
alanine,short,tica,32000,0,3,3,12,0.240469022487366,14,0.22111805038021934,4,0.8915314432142222,3,0.9497506770245688,3,0.9497506770245688,0.9497506770245688
alanine,short,tica,32000,1,3,3,6,0.38035924352814965,13,0.18391928127080723,3,0.8744816653205547,2,0.9383672244880654,2,0.9383672244880654,0.8744816653205547
alanine,short,tica,32000,2,3,3,11,0.22569916496622958,15,0.17251066305813664,4,0.8865542737333811,3,0.9462949747293444,3,0.9462949747293444,0.9462949747293444
alanine,short,tica,32000,3,3,3,8,0.2721972353989034,14,0.13464608615176754,3,0.8760277346416551,2,0.9422005532240417,2,0.9422005532240417,0.8760277346416551
alanine,short,tica,32000,4,3,3,7,0.3322010801736267,11,0.19312073749000383,3,0.8697131819353586,2,0.9435519459638096,2,0.9435519459638096,0.8697131819353586
alanine,short,tica,32000,5,3,3,6,0.38810368049035443,13,0.16352750699975913,3,0.8715465113708889,2,0.9406344645218447,2,0.9406344645218447,0.8715465113708889
alanine,short,tica,32000,6,3,3,11,0.20309163535134825,12,0.18929789514273837,3,0.8780508690881077,2,0.9390892245991715,2,0.9390892245991715,0.8780508690881077
alanine,short,tica,32000,7,3,3,11,0.39118827035270365,15,0.2505097623373239,5,0.9016297305184735,3,0.9602636367188648,3,0.9602636367188648,0.9602636367188648
alanine,short,vae,32000,0,3,3,15,0.14996623401328352,15,0.14996623401328352,1,0.0,3,0.4983024686773604,3,0.4983024686773604,0.4983024686773604
alanine,short,vae,32000,1,3,3,15,0.10911195777839366,15,0.10911195777839366,1,0.0,3,0.559761219174367,3,0.559761219174367,0.559761219174367
alanine,short,vae,32000,2,3,3,14,0.12180827575668304,15,0.11410581142012102,1,0.0,3,0.5392845367983,3,0.5392845367983,0.5392845367983
alanine,short,vae,32000,3,3,3,14,0.13134008478570897,15,0.11490054690504006,1,0.0,3,0.5496672946285821,3,0.5496672946285821,0.5496672946285821
alanine,short,vae,32000,4,3,3,11,0.15506718295023234,15,0.11417002216830836,1,0.0,3,0.5417408095756678,3,0.5417408095756678,0.5417408095756678
alanine,short,vae,32000,5,3,3,13,0.12550676632446878,13,0.12550676632446878,1,0.0,3,0.5556333643092325,2,0.924940414208593,0.5556333643092325
alanine,short,vae,32000,6,3,3,15,0.107241118789874,15,0.107241118789874,1,0.0,3,0.5301740402318663,2,0.41243746385764635,0.5301740402318663
alanine,short,vae,32000,7,3,3,15,0.20705909889516566,15,0.20705909889516566,1,0.0,3,0.4142861447405648,2,0.6498994068570074,0.4142861447405648
alanine,subsample,pca,100,0,3,3,4,0.4733774501451711,13,0.1466510240483103,4,0.4733774501451711,4,0.4733774501451711,3,0.5271000557671202,0.5271000557671202
alanine,subsample,pca,100,1,3,3,4,0.28240703265392025,11,0.16172988836815966,4,0.28240703265392025,3,0.4155106807655027,3,0.4155106807655027,0.4155106807655027
alanine,subsample,pca,100,2,3,3,4,0.4727354501969904,14,0.17859171661791362,4,0.4727354501969904,3,0.4755740167509806,3,0.4755740167509806,0.4755740167509806
alanine,subsample,pca,100,3,3,3,3,0.6355666000924083,6,0.38982441281436464,3,0.6355666000924083,3,0.6355666000924083,2,0.7987878787878788,0.6355666000924083
alanine,subsample,pca,100,4,3,3,4,0.6206537034201681,14,0.12688576282294917,4,0.6206537034201681,3,0.6387876692569632,3,0.6387876692569632,0.6387876692569632
alanine,subsample,pca,100,5,3,3,4,0.2897753738156354,13,0.148355183614481,4,0.2897753738156354,3,0.4051235460384255,3,0.4051235460384255,0.4051235460384255
alanine,subsample,pca,100,6,3,3,4,0.4170685235120225,7,0.2649827855407004,3,0.4488781361932631,4,0.4170685235120225,3,0.4488781361932631,0.4488781361932631
alanine,subsample,pca,100,7,3,3,4,0.4810667492076415,15,0.15672528318302742,4,0.4810667492076415,3,0.5063319213882148,3,0.5063319213882148,0.5063319213882148
alanine,subsample,tica,100,0,3,3,1,0.0,15,0.01807655394167067,1,0.0,5,0.03581503951758833,3,0.12840972151134913,0.12840972151134913
alanine,subsample,tica,100,1,3,3,1,0.0,6,0.10911542237444602,1,0.0,14,0.029548578930540064,2,0.12140059082286472,0.05183014727081237
alanine,subsample,tica,100,2,3,3,1,0.0,15,0.02126525628109066,1,0.0,3,0.008139785241455248,3,0.008139785241455248,0.008139785241455248
alanine,subsample,tica,100,3,3,3,1,0.0,15,0.011476161408773928,1,0.0,2,0.02773452765112513,3,0.05148346797829778,0.05148346797829778
alanine,subsample,tica,100,4,3,3,2,0.04600720141335591,15,0.005265629676460134,1,0.0,2,0.04600720141335591,3,0.011358168291420686,0.011358168291420686
alanine,subsample,tica,100,5,3,3,2,0.34599216149066464,15,0.04658278183743849,1,0.0,2,0.34599216149066464,3,0.37610953865463165,0.37610953865463165
alanine,subsample,tica,100,6,3,3,1,0.0,15,0.004365405946971052,1,0.0,7,-0.0011088643006204294,2,0.012698946320206727,0.0076954313969158725
alanine,subsample,tica,100,7,3,3,1,0.0,13,0.07357200682271423,1,0.0,13,0.07357200682271423,3,0.1309498153354661,0.1309498153354661
alanine,subsample,vae,100,0,3,3,1,0.0,1,0.0,1,0.0,3,0.36748790137264753,3,0.36748790137264753,0.36748790137264753
alanine,subsample,vae,100,1,3,3,1,0.0,1,0.0,1,0.0,2,0.6784192742764801,2,0.6784192742764801,0.4057801750703473
alanine,subsample,vae,100,2,3,3,1,0.0,1,0.0,1,0.0,3,0.3978428737096834,3,0.3978428737096834,0.3978428737096834
alanine,subsample,vae,100,3,3,3,1,0.0,15,0.12858029619338138,1,0.0,2,0.25093347613014827,2,0.25093347613014827,0.3758874727422802
alanine,subsample,vae,100,4,3,3,1,0.0,1,0.0,1,0.0,2,0.02027594727969559,2,0.02027594727969559,0.16929918251487733
alanine,subsample,vae,100,5,3,3,1,0.0,1,0.0,1,0.0,2,0.7509151317103999,2,0.7509151317103999,0.3941746392380298
alanine,subsample,vae,100,6,3,3,1,0.0,1,0.0,1,0.0,3,0.3699929719758936,3,0.3699929719758936,0.3699929719758936
alanine,subsample,vae,100,7,3,3,1,0.0,13,0.14070467080356425,1,0.0,3,0.39639573412752616,3,0.39639573412752616,0.39639573412752616
alanine,subsample,pca,250,0,3,3,4,0.48426747649887925,13,0.15390652718795317,4,0.48426747649887925,3,0.5216022879688479,3,0.5216022879688479,0.5216022879688479
alanine,subsample,pca,250,1,3,3,4,0.32500599347312636,11,0.1621634980298191,3,0.4889956682157706,3,0.4889956682157706,3,0.4889956682157706,0.4889956682157706
alanine,subsample,pca,250,2,3,3,5,0.3476827492093275,11,0.1683166611612819,3,0.5600047211335321,3,0.5600047211335321,2,0.8301103776744951,0.5600047211335321
alanine,subsample,pca,250,3,3,3,4,0.5266400328932067,8,0.25775892841173814,3,0.5562699182600128,3,0.5562699182600128,2,0.826631609507584,0.5562699182600128
alanine,subsample,pca,250,4,3,3,4,0.5261638682555854,13,0.12778888288463924,4,0.5261638682555854,4,0.5261638682555854,2,0.800627480529411,0.5057485467662295
alanine,subsample,pca,250,5,3,3,5,0.2759294295651804,7,0.23586579391523754,4,0.45206884089964045,3,0.464286665204891,3,0.464286665204891,0.464286665204891
alanine,subsample,pca,250,6,3,3,4,0.4220965552425488,13,0.1489859481104843,3,0.49256374189015045,3,0.49256374189015045,3,0.49256374189015045,0.49256374189015045
alanine,subsample,pca,250,7,3,3,4,0.5245089469170563,15,0.11861844499111877,4,0.5245089469170563,3,0.5202187322015969,3,0.5202187322015969,0.5202187322015969
alanine,subsample,tica,250,0,3,3,1,0.0,14,0.017485195487643216,1,0.0,5,0.05649833810595694,3,0.07790360460772473,0.07790360460772473
alanine,subsample,tica,250,1,3,3,1,0.0,14,0.026335703334841917,1,0.0,2,0.08730490509246237,2,0.08730490509246237,0.03387741514735016
alanine,subsample,tica,250,2,3,3,1,0.0,2,0.1394887177305042,1,0.0,2,0.1394887177305042,3,0.22788302029547003,0.22788302029547003
alanine,subsample,tica,250,3,3,3,1,0.0,15,0.0654110489963374,1,0.0,3,0.26077790457275124,3,0.26077790457275124,0.26077790457275124
alanine,subsample,tica,250,4,3,3,1,0.0,1,0.0,1,0.0,3,0.003934268387875639,3,0.003934268387875639,0.003934268387875639
alanine,subsample,tica,250,5,3,3,1,0.0,3,0.08320651193951517,1,0.0,2,0.19679013776535623,2,0.19679013776535623,0.08320651193951517
alanine,subsample,tica,250,6,3,3,1,0.0,1,0.0,1,0.0,3,0.11862887819530865,3,0.11862887819530865,0.11862887819530865
alanine,subsample,tica,250,7,3,3,1,0.0,12,0.01713445790636853,1,0.0,9,0.0054280712548666985,2,0.08090944304494598,0.004692533814550673
alanine,subsample,vae,250,0,3,3,1,0.0,1,0.0,1,0.0,3,0.44172907275037726,3,0.44172907275037726,0.44172907275037726
alanine,subsample,vae,250,1,3,3,1,0.0,1,0.0,1,0.0,8,0.2323745994061721,2,0.37284190591630456,0.3654700404454211
alanine,subsample,vae,250,2,3,3,1,0.0,5,0.4397447290215699,1,0.0,3,0.4019267240455235,3,0.4019267240455235,0.4019267240455235
alanine,subsample,vae,250,3,3,3,1,0.0,1,0.0,1,0.0,3,0.3104722006127005,3,0.3104722006127005,0.3104722006127005
alanine,subsample,vae,250,4,3,3,1,0.0,1,0.0,1,0.0,3,0.41333623302186623,2,0.7283439434992197,0.41333623302186623
alanine,subsample,vae,250,5,3,3,1,0.0,14,0.17412299768595696,1,0.0,7,0.21013289759753562,3,0.381342205755322,0.381342205755322
alanine,subsample,vae,250,6,3,3,1,0.0,1,0.0,1,0.0,3,0.502194208590475,3,0.502194208590475,0.502194208590475
alanine,subsample,vae,250,7,3,3,1,0.0,1,0.0,1,0.0,2,0.8907699560514636,2,0.8907699560514636,0.4033980986115324
alanine,subsample,pca,500,0,3,3,4,0.4680970521991919,12,0.14819471267172288,3,0.5259725554871348,3,0.5259725554871348,3,0.5259725554871348,0.5259725554871348
alanine,subsample,pca,500,1,3,3,4,0.5052521653002946,12,0.14427421011371652,3,0.5511847909725747,3,0.5511847909725747,2,0.83576979660812,0.5511847909725747
alanine,subsample,pca,500,2,3,3,4,0.4883421311974546,6,0.27472496917955797,3,0.537822806723088,3,0.537822806723088,2,0.8590987676733116,0.537822806723088
alanine,subsample,pca,500,3,3,3,6,0.30969366279479016,9,0.19076143265667497,4,0.5122048600071147,3,0.5231986299109268,3,0.5231986299109268,0.5231986299109268
alanine,subsample,pca,500,4,3,3,4,0.5018441467095683,7,0.3015201997587748,3,0.5514964104360298,3,0.5514964104360298,3,0.5514964104360298,0.5514964104360298
alanine,subsample,pca,500,5,3,3,4,0.44913596332544153,9,0.17283995298290972,4,0.44913596332544153,3,0.49757668002097166,3,0.49757668002097166,0.49757668002097166
alanine,subsample,pca,500,6,3,3,4,0.5038448598159919,8,0.20534252279816514,3,0.543968004685094,3,0.543968004685094,3,0.543968004685094,0.543968004685094
alanine,subsample,pca,500,7,3,3,4,0.5107384077743895,9,0.2758097475085571,3,0.5464402645237814,3,0.5464402645237814,2,0.8542613347349598,0.5464402645237814
alanine,subsample,tica,500,0,3,3,2,0.2020251659659619,3,0.10071502018083932,2,0.2020251659659619,2,0.2020251659659619,3,0.10071502018083932,0.10071502018083932
alanine,subsample,tica,500,1,3,3,2,0.2020251659659619,5,0.07660010389942225,2,0.2020251659659619,2,0.2020251659659619,3,0.10813149136261617,0.10813149136261617
alanine,subsample,tica,500,2,3,3,2,0.19738512523790047,5,0.0848818584774896,2,0.19738512523790047,2,0.19738512523790047,3,0.09970356560240187,0.09970356560240187
alanine,subsample,tica,500,3,3,3,2,0.20106620983796766,2,0.20106620983796766,2,0.20106620983796766,2,0.20106620983796766,3,0.1082206974511919,0.1082206974511919
alanine,subsample,tica,500,4,3,3,2,0.21598490999543818,2,0.21598490999543818,2,0.21598490999543818,2,0.21598490999543818,3,0.11089304541501795,0.11089304541501795
alanine,subsample,tica,500,5,3,3,2,0.20342080517567834,8,0.046719612274439215,2,0.20342080517567834,2,0.20342080517567834,3,0.13537030404234432,0.13537030404234432
alanine,subsample,tica,500,6,3,3,2,0.20012289764218477,3,0.22924255117685638,2,0.20012289764218477,2,0.20012289764218477,3,0.22924255117685638,0.22924255117685638
alanine,subsample,tica,500,7,3,3,2,0.19311974340404559,2,0.19311974340404559,2,0.19311974340404559,2,0.19311974340404559,3,0.12806513486257717,0.12806513486257717
alanine,subsample,vae,500,0,3,3,1,0.0,11,0.1858919379624581,1,0.0,9,0.2270252843211488,3,0.4080530406878142,0.4080530406878142
alanine,subsample,vae,500,1,3,3,1,0.0,6,0.3995568261911265,1,0.0,3,0.4125547486693723,2,0.7844343174089969,0.4125547486693723
alanine,subsample,vae,500,2,3,3,1,0.0,1,0.0,1,0.0,6,0.2807482381174368,3,0.4043997460535904,0.4043997460535904
alanine,subsample,vae,500,3,3,3,1,0.0,7,0.20272950110791627,1,0.0,3,0.4625830572340338,2,0.3793933019847678,0.4625830572340338
alanine,subsample,vae,500,4,3,3,2,0.8626210466310035,9,0.229705754776126,1,0.0,3,0.5328346272363254,3,0.5328346272363254,0.5328346272363254
alanine,subsample,vae,500,5,3,3,1,0.0,4,0.47970483369224043,1,0.0,3,0.42027479866205725,3,0.42027479866205725,0.42027479866205725
alanine,subsample,vae,500,6,3,3,1,0.0,5,0.38368427698054225,1,0.0,3,0.48948116779679157,3,0.48948116779679157,0.48948116779679157
alanine,subsample,vae,500,7,3,3,1,0.0,14,0.1261623440386415,1,0.0,3,0.4379580164868505,2,0.7789028435603189,0.4379580164868505
alanine,subsample,pca,1000,0,3,3,7,0.30621469716749367,9,0.21409322881274176,4,0.5092108825088704,3,0.5521904465578352,3,0.5521904465578352,0.5521904465578352
alanine,subsample,pca,1000,1,3,3,6,0.3223665648869662,7,0.28768684580027853,4,0.49652444271796575,3,0.5359266475092914,3,0.5359266475092914,0.5359266475092914
alanine,subsample,pca,1000,2,3,3,4,0.49281842515068325,8,0.2172495575465231,3,0.5389011030246608,3,0.5389011030246608,2,0.8313888833559736,0.5389011030246608
alanine,subsample,pca,1000,3,3,3,7,0.24691818385441727,12,0.13793946892433834,4,0.48082266117379935,4,0.48082266117379935,3,0.5021343568357921,0.5021343568357921
alanine,subsample,pca,1000,4,3,3,6,0.31697956889584317,9,0.19754198818559948,3,0.5570123741315014,3,0.5570123741315014,2,0.8496781281909531,0.5570123741315014
alanine,subsample,pca,1000,5,3,3,6,0.31634894775074174,11,0.15939820302424867,3,0.5634753781481168,3,0.5634753781481168,2,0.8815878933433224,0.5634753781481168
alanine,subsample,pca,1000,6,3,3,6,0.2817161869101594,10,0.18244491999063372,4,0.47666017216213113,3,0.5170014375334091,3,0.5170014375334091,0.5170014375334091
alanine,subsample,pca,1000,7,3,3,6,0.27515842066643054,11,0.16668371055345513,4,0.49613922850929854,3,0.5497763960771086,3,0.5497763960771086,0.5497763960771086
alanine,subsample,tica,1000,0,3,3,2,0.1998487155440538,8,0.04448511999988675,2,0.1998487155440538,2,0.1998487155440538,3,0.1021886090462071,0.1021886090462071
alanine,subsample,tica,1000,1,3,3,2,0.20039740595870928,2,0.20039740595870928,2,0.20039740595870928,2,0.20039740595870928,3,0.10206980346653184,0.10206980346653184
alanine,subsample,tica,1000,2,3,3,2,0.1955823737751161,3,0.14094442742239008,2,0.1955823737751161,2,0.1955823737751161,3,0.14094442742239008,0.14094442742239008
alanine,subsample,tica,1000,3,3,3,2,0.21043700796008505,2,0.21043700796008505,2,0.21043700796008505,2,0.21043700796008505,3,0.10349938385957255,0.10349938385957255
alanine,subsample,tica,1000,4,3,3,2,0.19799053774050654,2,0.19799053774050654,2,0.19799053774050654,2,0.19799053774050654,3,0.1267965137358688,0.1267965137358688
alanine,subsample,tica,1000,5,3,3,2,0.19799053774050654,2,0.19799053774050654,2,0.19799053774050654,2,0.19799053774050654,3,0.11396032464631276,0.11396032464631276
alanine,subsample,tica,1000,6,3,3,3,0.10940805100971185,3,0.10940805100971185,2,0.20258775544225277,2,0.20258775544225277,3,0.10940805100971185,0.10940805100971185
alanine,subsample,tica,1000,7,3,3,2,0.19844098951023212,2,0.19844098951023212,2,0.19844098951023212,2,0.19844098951023212,3,0.13023872948333098,0.13023872948333098
alanine,subsample,vae,1000,0,3,3,3,0.47317988755188006,15,0.14160382582027192,1,0.0,3,0.47317988755188006,3,0.47317988755188006,0.47317988755188006
alanine,subsample,vae,1000,1,3,3,3,0.38912097634794435,7,0.3252805862415309,1,0.0,4,0.46010244656154614,2,0.8403721380670811,0.38912097634794435
alanine,subsample,vae,1000,2,3,3,3,0.489306131883989,10,0.2263582667557411,1,0.0,3,0.489306131883989,3,0.489306131883989,0.489306131883989
alanine,subsample,vae,1000,3,3,3,6,0.3183918846815591,14,0.15218527648120764,1,0.0,3,0.5046781397708475,2,0.6633497239157091,0.5046781397708475
alanine,subsample,vae,1000,4,3,3,1,0.0,8,0.3413475414961879,1,0.0,11,0.23171779460600417,2,0.7918236785455238,0.39001166250826447
alanine,subsample,vae,1000,5,3,3,4,0.5525692432123779,13,0.19435497891779838,1,0.0,6,0.34891308942846333,3,0.5247585692261881,0.5247585692261881
alanine,subsample,vae,1000,6,3,3,4,0.4948035620420596,7,0.3009375911500709,1,0.0,2,-0.009951956594609129,2,-0.009951956594609129,0.4313000622393438
alanine,subsample,vae,1000,7,3,3,2,0.3056134477618226,15,0.14670210108551276,1,0.0,3,0.40951025660486484,2,0.3056134477618226,0.40951025660486484
alanine,subsample,pca,2000,0,3,3,7,0.27111118832380754,9,0.18919343889077175,4,0.5130653377112669,3,0.5398919406701361,2,0.8527159325442925,0.5398919406701361
alanine,subsample,pca,2000,1,3,3,7,0.26680489151834086,14,0.1191910503819038,3,0.5448616849283812,3,0.5448616849283812,3,0.5448616849283812,0.5448616849283812
alanine,subsample,pca,2000,2,3,3,8,0.2452325656478764,14,0.13854435215334834,4,0.5099868783723576,3,0.49885454115212624,3,0.49885454115212624,0.49885454115212624
alanine,subsample,pca,2000,3,3,3,8,0.22207267871210598,10,0.18973393325191396,4,0.49104421624082895,3,0.5275273483903327,3,0.5275273483903327,0.5275273483903327
alanine,subsample,pca,2000,4,3,3,8,0.22114998298373661,14,0.14244220481072004,4,0.49176512535764033,3,0.5025938217517906,3,0.5025938217517906,0.5025938217517906
alanine,subsample,pca,2000,5,3,3,7,0.25610167510664145,12,0.16696051816351803,4,0.4909934504239949,3,0.5371858266554018,3,0.5371858266554018,0.5371858266554018
alanine,subsample,pca,2000,6,3,3,7,0.25588158242186243,10,0.1953702691456721,4,0.5001910823930905,3,0.49825006566528535,3,0.49825006566528535,0.49825006566528535
alanine,subsample,pca,2000,7,3,3,7,0.2654527383134001,14,0.13622745825007507,4,0.48517282724915667,3,0.5282788754456674,3,0.5282788754456674,0.5282788754456674
alanine,subsample,tica,2000,0,3,3,3,0.11178661706368685,3,0.11178661706368685,2,0.20588755433456565,2,0.20588755433456565,3,0.11178661706368685,0.11178661706368685
alanine,subsample,tica,2000,1,3,3,2,0.20350702333205087,2,0.20350702333205087,2,0.20350702333205087,2,0.20350702333205087,3,0.18102836457207339,0.18102836457207339
alanine,subsample,tica,2000,2,3,3,2,0.20198770568687893,4,0.09071157713980178,2,0.20198770568687893,2,0.20198770568687893,3,0.10336615107585434,0.10336615107585434
alanine,subsample,tica,2000,3,3,3,3,0.12433991696477036,4,0.07975066379040963,2,0.20222402771021886,2,0.20222402771021886,3,0.12433991696477036,0.12433991696477036
alanine,subsample,tica,2000,4,3,3,2,0.20317910616436555,3,0.13798425428568817,2,0.20317910616436555,2,0.20317910616436555,3,0.13798425428568817,0.13798425428568817
alanine,subsample,tica,2000,5,3,3,3,0.10259633623431305,3,0.10259633623431305,2,0.20111869290169784,2,0.20111869290169784,3,0.10259633623431305,0.10259633623431305
alanine,subsample,tica,2000,6,3,3,2,0.20151797995105572,2,0.20151797995105572,2,0.20151797995105572,2,0.20151797995105572,3,0.1062489130959963,0.1062489130959963
alanine,subsample,tica,2000,7,3,3,2,0.20344826950625303,6,0.05612184002693596,2,0.20344826950625303,2,0.20344826950625303,3,0.10389043485454649,0.10389043485454649
alanine,subsample,vae,2000,0,3,3,4,0.5030453238355975,15,0.14670528123921947,1,0.0,4,0.5030453238355975,2,0.8563691487852564,0.4863660015024675
alanine,subsample,vae,2000,1,3,3,7,0.28613939659189824,14,0.15395792289447593,1,0.0,3,0.4927487150696144,3,0.4927487150696144,0.4927487150696144
alanine,subsample,vae,2000,2,3,3,6,0.3507652633854188,15,0.14005862528292323,1,0.0,3,0.46093390374851956,3,0.46093390374851956,0.46093390374851956
alanine,subsample,vae,2000,3,3,3,3,0.45971836218722795,13,0.1536922692072097,1,0.0,3,0.45971836218722795,3,0.45971836218722795,0.45971836218722795
alanine,subsample,vae,2000,4,3,3,7,0.31414032613050646,15,0.15567929748013812,1,0.0,4,0.519950255740485,3,0.44024923676256744,0.44024923676256744
alanine,subsample,vae,2000,5,3,3,7,0.33080938785726466,14,0.17027619047102727,1,0.0,3,0.49799496032461815,3,0.49799496032461815,0.49799496032461815
alanine,subsample,vae,2000,6,3,3,5,0.47100284125364916,14,0.15579779020285037,1,0.0,3,0.47928441718422765,3,0.47928441718422765,0.47928441718422765
alanine,subsample,vae,2000,7,3,3,3,0.48627475262832454,14,0.15178356094911574,1,0.0,3,0.48627475262832454,3,0.48627475262832454,0.48627475262832454
alanine,subsample,pca,4000,0,3,3,7,0.27619298960347743,15,0.11624243774056528,4,0.5078004073680685,3,0.5492291938161141,3,0.5492291938161141,0.5492291938161141
alanine,subsample,pca,4000,1,3,3,8,0.2080080215174062,15,0.12950819345211795,4,0.49157687560777713,3,0.5263636477284565,3,0.5263636477284565,0.5263636477284565
alanine,subsample,pca,4000,2,3,3,8,0.2169008297464439,13,0.12724526368824368,4,0.4922641852378833,3,0.5272939817372321,3,0.5272939817372321,0.5272939817372321
alanine,subsample,pca,4000,3,3,3,8,0.23015689941958775,14,0.12430575137820925,4,0.5020964069734907,3,0.5335974458232445,3,0.5335974458232445,0.5335974458232445
alanine,subsample,pca,4000,4,3,3,10,0.19192788017278592,15,0.12067012886576399,4,0.4965995262232243,3,0.5358099895972488,3,0.5358099895972488,0.5358099895972488
alanine,subsample,pca,4000,5,3,3,8,0.20796544553954605,15,0.12770646900808214,4,0.5022798884188105,3,0.5368019960936048,2,0.8449472392497731,0.5368019960936048
alanine,subsample,pca,4000,6,3,3,8,0.2710568716943062,12,0.17191641954622888,4,0.5232556424320103,3,0.5586869089798285,3,0.5586869089798285,0.5586869089798285
alanine,subsample,pca,4000,7,3,3,8,0.21729110509253965,14,0.126362286895606,4,0.5050156762514642,3,0.5379843522718497,3,0.5379843522718497,0.5379843522718497
alanine,subsample,tica,4000,0,3,3,2,0.20346961418050757,6,0.04712528311592403,2,0.20346961418050757,2,0.20346961418050757,3,0.10343693919688121,0.10343693919688121
alanine,subsample,tica,4000,1,3,3,5,0.15617903026289082,8,0.14645862542879673,2,0.20443467446973848,2,0.20443467446973848,2,0.20443467446973848,0.16503031186207584
alanine,subsample,tica,4000,2,3,3,3,0.1256451093490566,3,0.1256451093490566,2,0.20732702921419727,2,0.20732702921419727,3,0.1256451093490566,0.1256451093490566
alanine,subsample,tica,4000,3,3,3,2,0.20285871017576812,13,0.02739769968292138,2,0.20285871017576812,2,0.20285871017576812,3,0.10767230603428572,0.10767230603428572
alanine,subsample,tica,4000,4,3,3,2,0.20139282750405324,7,0.054760319456077844,2,0.20139282750405324,2,0.20139282750405324,3,0.10609952065430095,0.10609952065430095
alanine,subsample,tica,4000,5,3,3,2,0.2030191082284094,11,0.03937786113451321,2,0.2030191082284094,2,0.2030191082284094,3,0.12309223810482167,0.12309223810482167
alanine,subsample,tica,4000,6,3,3,2,0.20319478754229492,9,0.038006230576654206,2,0.20319478754229492,2,0.20319478754229492,3,0.10731219981025923,0.10731219981025923
alanine,subsample,tica,4000,7,3,3,2,0.20630406736819154,3,0.10419076963031132,2,0.20630406736819154,2,0.20630406736819154,3,0.10419076963031132,0.10419076963031132
alanine,subsample,vae,4000,0,3,3,7,0.30402784101283287,15,0.14308633704641213,1,0.0,4,0.550775445619991,2,0.8514402961999303,0.5231548531695844
alanine,subsample,vae,4000,1,3,3,5,0.37386706706345013,15,0.13857786632077165,1,0.0,4,0.49730955006344585,3,0.46060765031365053,0.46060765031365053
alanine,subsample,vae,4000,2,3,3,6,0.32771520774394575,15,0.16068979683675189,1,0.0,11,0.1816323298100362,2,0.7670393643738521,0.303361360376652
alanine,subsample,vae,4000,3,3,3,4,0.5034030286094744,15,0.14181308888368194,1,0.0,3,0.49971004986258655,2,0.8286432504534015,0.49971004986258655
alanine,subsample,vae,4000,4,3,3,6,0.3760299388918666,15,0.14386319857323415,1,0.0,3,0.4907425374243446,3,0.4907425374243446,0.4907425374243446
alanine,subsample,vae,4000,5,3,3,6,0.38049742832021344,15,0.1605154871315084,1,0.0,3,0.49622682873921864,2,-0.029703459257581444,0.49622682873921864
alanine,subsample,vae,4000,6,3,3,9,0.20678660332571586,15,0.147678488933181,1,0.0,3,0.4971029298265861,2,0.7517594706015178,0.4971029298265861
alanine,subsample,vae,4000,7,3,3,12,0.18099696909635118,15,0.1324913378145031,1,0.0,3,0.4631176436205598,3,0.4631176436205598,0.4631176436205598
alanine,subsample,pca,8000,0,3,3,9,0.21243177358393503,15,0.12542296955807397,3,0.5436517379185952,3,0.5436517379185952,3,0.5436517379185952,0.5436517379185952
alanine,subsample,pca,8000,1,3,3,12,0.15522164213140272,15,0.11255831886859366,4,0.49564526061109193,3,0.5320841951269522,3,0.5320841951269522,0.5320841951269522
alanine,subsample,pca,8000,2,3,3,9,0.2009310209006995,15,0.12238504727403847,4,0.4852809244182559,3,0.5361759252224979,3,0.5361759252224979,0.5361759252224979
alanine,subsample,pca,8000,3,3,3,10,0.17873275253120222,15,0.11845845616440541,4,0.4917905059318881,3,0.5297290447213723,3,0.5297290447213723,0.5297290447213723
alanine,subsample,pca,8000,4,3,3,9,0.20283956316618576,14,0.12714614804606453,4,0.48537293562312045,3,0.5311223795651364,3,0.5311223795651364,0.5311223795651364
alanine,subsample,pca,8000,5,3,3,10,0.18269984384489624,15,0.11865610649775056,3,0.5300386002930121,3,0.5300386002930121,3,0.5300386002930121,0.5300386002930121
alanine,subsample,pca,8000,6,3,3,8,0.24493923429708725,15,0.11680228054775951,4,0.4960884151929252,3,0.5290454942588776,3,0.5290454942588776,0.5290454942588776
alanine,subsample,pca,8000,7,3,3,10,0.18502195177837097,14,0.1346988922412554,4,0.5028052898657606,3,0.5393030663326549,3,0.5393030663326549,0.5393030663326549
alanine,subsample,tica,8000,0,3,3,4,0.1089356851293213,12,0.037536638571702176,2,0.2016299292782666,2,0.2016299292782666,2,0.2016299292782666,0.1513144747195392
alanine,subsample,tica,8000,1,3,3,3,0.10397580443381965,3,0.10397580443381965,2,0.20382651546107391,2,0.20382651546107391,3,0.10397580443381965,0.10397580443381965
alanine,subsample,tica,8000,2,3,3,3,0.10349153631729936,15,0.02999714503097106,2,0.20247955428255063,2,0.20247955428255063,2,0.20247955428255063,0.10349153631729936
alanine,subsample,tica,8000,3,3,3,6,0.07722216508224379,15,0.03908053153930357,2,0.20316216921982777,2,0.20316216921982777,2,0.20316216921982777,0.1727524269154773
alanine,subsample,tica,8000,4,3,3,7,0.07537527332473747,14,0.040682638590194026,2,0.20293834034273792,2,0.20293834034273792,2,0.20293834034273792,0.16222498642954597
alanine,subsample,tica,8000,5,3,3,2,0.20414808905865717,15,0.02446482694772292,2,0.20414808905865717,2,0.20414808905865717,3,0.10880823956713512,0.10880823956713512
alanine,subsample,tica,8000,6,3,3,4,0.09769731653911037,9,0.04262298548851728,2,0.20336203510655299,2,0.20336203510655299,3,0.1540383744748368,0.1540383744748368
alanine,subsample,tica,8000,7,3,3,2,0.20178855584576502,15,0.022967093748359493,2,0.20178855584576502,2,0.20178855584576502,3,0.10320318405469364,0.10320318405469364
alanine,subsample,vae,8000,0,3,3,15,0.14874397507006026,15,0.14874397507006026,1,0.0,3,0.5402556099166168,2,0.8664278409572119,0.5402556099166168
alanine,subsample,vae,8000,1,3,3,12,0.19434509466150707,15,0.14171372058332743,1,0.0,4,0.5224154717615235,3,0.4750468509281953,0.4750468509281953
alanine,subsample,vae,8000,2,3,3,12,0.17956119075769628,15,0.13831647065604066,1,0.0,4,0.5458095284669164,3,0.4942973534618594,0.4942973534618594
alanine,subsample,vae,8000,3,3,3,6,0.336740199198371,15,0.1482787285031123,1,0.0,3,0.4709029850614396,2,0.23793391956097587,0.4709029850614396
alanine,subsample,vae,8000,4,3,3,13,0.16654328955037498,14,0.1638419720406235,1,0.0,3,0.5002113302081781,3,0.5002113302081781,0.5002113302081781
alanine,subsample,vae,8000,5,3,3,11,0.19563610910432272,15,0.13013937333996675,1,0.0,3,0.45102212238975764,2,0.6217114033032702,0.45102212238975764
alanine,subsample,vae,8000,6,3,3,15,0.14468121635130266,15,0.14468121635130266,1,0.0,3,0.4740498085306351,3,0.4740498085306351,0.4740498085306351
alanine,subsample,vae,8000,7,3,3,12,0.21476766722002558,15,0.14454325184922168,1,0.0,3,0.5060543113389383,3,0.5060543113389383,0.5060543113389383
alanine,subsample,pca,16000,0,3,3,10,0.19156145618474885,15,0.11369134899270651,4,0.49964639663330496,3,0.5350776341465944,3,0.5350776341465944,0.5350776341465944
alanine,subsample,pca,16000,1,3,3,12,0.14374387627789958,15,0.12246379968898771,4,0.5017340220300047,3,0.5380013568220181,3,0.5380013568220181,0.5380013568220181
alanine,subsample,pca,16000,2,3,3,14,0.13092791778265261,14,0.13092791778265261,4,0.4943806348262885,3,0.5314069400998357,3,0.5314069400998357,0.5314069400998357
alanine,subsample,pca,16000,3,3,3,14,0.13416517026453006,14,0.13416517026453006,4,0.498584675014498,3,0.5347910718377499,3,0.5347910718377499,0.5347910718377499
alanine,subsample,pca,16000,4,3,3,15,0.12575989524267978,15,0.12575989524267978,4,0.5060945550347676,3,0.5431009022571088,3,0.5431009022571088,0.5431009022571088
alanine,subsample,pca,16000,5,3,3,14,0.1366539422001383,15,0.11800242132630422,4,0.5090697080986804,3,0.5428149407279675,3,0.5428149407279675,0.5428149407279675
alanine,subsample,pca,16000,6,3,3,14,0.12700239875757804,15,0.1306475892727515,4,0.4959130940764827,3,0.5311142098473134,3,0.5311142098473134,0.5311142098473134
alanine,subsample,pca,16000,7,3,3,14,0.13581964758537465,14,0.13581964758537465,3,0.544886716415147,3,0.544886716415147,3,0.544886716415147,0.544886716415147
alanine,subsample,tica,16000,0,3,3,4,0.25334930530446576,15,0.07228791250364533,2,0.203018698417856,2,0.203018698417856,3,0.4268506235231665,0.4268506235231665
alanine,subsample,tica,16000,1,3,3,6,0.24838727638633273,15,0.1100442992089789,2,0.20340032794091692,2,0.20340032794091692,3,0.6074955382058678,0.6074955382058678
alanine,subsample,tica,16000,2,3,3,2,0.20337009043033955,15,0.026378048756470512,2,0.20337009043033955,2,0.20337009043033955,3,0.12771684312861065,0.12771684312861065
alanine,subsample,tica,16000,3,3,3,6,0.18227431786633522,15,0.08991307498083721,2,0.2032296096691062,2,0.2032296096691062,3,0.47066000582859746,0.47066000582859746
alanine,subsample,tica,16000,4,3,3,6,0.23532617534357073,14,0.11712897943856929,2,0.20236993504480774,2,0.20236993504480774,3,0.6476072772074302,0.6476072772074302
alanine,subsample,tica,16000,5,3,3,6,0.25554621827002594,12,0.13595621496610816,2,0.20278866336316614,2,0.20278866336316614,3,0.6659301482901809,0.6659301482901809
alanine,subsample,tica,16000,6,3,3,6,0.23395606094196678,14,0.1232349041708137,2,0.2037762410148642,2,0.2037762410148642,3,0.6616626149201116,0.6616626149201116
alanine,subsample,tica,16000,7,3,3,6,0.20093495907007008,15,0.098038641186381,2,0.20220157241314224,2,0.20220157241314224,3,0.5257868397181951,0.5257868397181951
alanine,subsample,vae,16000,0,3,3,14,0.1587376592470551,14,0.1587376592470551,1,0.0,3,0.4873201523278202,3,0.4873201523278202,0.4873201523278202
alanine,subsample,vae,16000,1,3,3,12,0.1684102105546228,15,0.13010693402939952,1,0.0,3,0.4788810228958964,3,0.4788810228958964,0.4788810228958964
alanine,subsample,vae,16000,2,3,3,12,0.1760235765366127,12,0.1760235765366127,1,0.0,3,0.4684825528225658,3,0.4684825528225658,0.4684825528225658
alanine,subsample,vae,16000,3,3,3,15,0.15446006501724438,15,0.15446006501724438,1,0.0,3,0.4638474650882587,3,0.4638474650882587,0.4638474650882587
alanine,subsample,vae,16000,4,3,3,15,0.13868934113617185,15,0.13868934113617185,1,0.0,3,0.4996561514086296,3,0.4996561514086296,0.4996561514086296
alanine,subsample,vae,16000,5,3,3,14,0.16805424104163766,15,0.14880437363466686,1,0.0,10,0.20664403889363278,2,0.4719251870385085,0.1722495633196853
alanine,subsample,vae,16000,6,3,3,13,0.1786944877870445,15,0.14958185358799403,1,0.0,13,0.1786944877870445,2,0.03852937640062846,0.1757669907118182
alanine,subsample,vae,16000,7,3,3,13,0.16767101337427645,13,0.16767101337427645,1,0.0,3,0.4549030617507096,3,0.4549030617507096,0.4549030617507096
alanine,subsample,pca,32000,0,3,3,13,0.13839662177018813,15,0.12109342545157782,4,0.50344049564409,3,0.5403001836702404,3,0.5403001836702404,0.5403001836702404
alanine,subsample,pca,32000,1,3,3,14,0.12442488902943995,15,0.12051787847214808,4,0.49760381145086957,3,0.5345114006204903,3,0.5345114006204903,0.5345114006204903
alanine,subsample,pca,32000,2,3,3,14,0.12951995671070923,15,0.12410708065499478,4,0.49916752977311035,3,0.5358632623562168,3,0.5358632623562168,0.5358632623562168
alanine,subsample,pca,32000,3,3,3,14,0.12666974518309643,14,0.12666974518309643,4,0.503821583896143,3,0.5371054511460152,3,0.5371054511460152,0.5371054511460152
alanine,subsample,pca,32000,4,3,3,13,0.1373010313642969,15,0.11752539229357796,4,0.5023461863153609,3,0.5388937067516283,3,0.5388937067516283,0.5388937067516283
alanine,subsample,pca,32000,5,3,3,15,0.11947653141644049,15,0.11947653141644049,3,0.5381857357522407,3,0.5381857357522407,3,0.5381857357522407,0.5381857357522407
alanine,subsample,pca,32000,6,3,3,14,0.12648363539477978,15,0.11530491984781115,4,0.5009611844261357,3,0.5369967228852638,3,0.5369967228852638,0.5369967228852638
alanine,subsample,pca,32000,7,3,3,15,0.11726823539293839,15,0.11726823539293839,4,0.49525645586630324,3,0.5332123145720353,3,0.5332123145720353,0.5332123145720353
alanine,subsample,tica,32000,0,3,3,11,0.2777509840602298,15,0.1980740120159163,5,0.9367169773450202,3,0.969693668763041,3,0.969693668763041,0.969693668763041
alanine,subsample,tica,32000,1,3,3,12,0.24040500599361334,13,0.23757506971088616,3,0.9690780173099661,3,0.9690780173099661,3,0.9690780173099661,0.9690780173099661
alanine,subsample,tica,32000,2,3,3,13,0.23152873130626508,15,0.1875311296089374,5,0.9312211635745948,3,0.9668997779605786,3,0.9668997779605786,0.9668997779605786
alanine,subsample,tica,32000,3,3,3,12,0.272904059296755,15,0.19990822852604867,4,0.9091175569408119,3,0.9501029648993113,3,0.9501029648993113,0.9501029648993113
alanine,subsample,tica,32000,4,3,3,14,0.2246298519980428,14,0.2246298519980428,4,0.9278605234355869,3,0.9682969681537356,3,0.9682969681537356,0.9682969681537356
alanine,subsample,tica,32000,5,3,3,12,0.2729981081313043,15,0.2243231632357934,5,0.9190918887675271,3,0.9614496263685818,3,0.9614496263685818,0.9614496263685818
alanine,subsample,tica,32000,6,3,3,12,0.27069064963793804,14,0.2161978022396872,4,0.9265964129839819,3,0.9641147908816403,3,0.9641147908816403,0.9641147908816403
alanine,subsample,tica,32000,7,3,3,15,0.21265523434502928,15,0.21265523434502928,4,0.9199107729440278,3,0.9568409329418887,3,0.9568409329418887,0.9568409329418887
alanine,subsample,vae,32000,0,3,3,13,0.16141478667835407,13,0.16141478667835407,1,0.0,3,0.5116045784855916,2,0.8326207772222237,0.5116045784855916
alanine,subsample,vae,32000,1,3,3,15,0.14717832150670157,15,0.14717832150670157,1,0.0,3,0.4706429771581168,3,0.4706429771581168,0.4706429771581168
alanine,subsample,vae,32000,2,3,3,15,0.13366033665860672,15,0.13366033665860672,1,0.0,3,0.47534022005319676,3,0.47534022005319676,0.47534022005319676
alanine,subsample,vae,32000,3,3,3,15,0.14549415909091618,15,0.14549415909091618,1,0.0,3,0.4262618342732569,3,0.4262618342732569,0.4262618342732569
alanine,subsample,vae,32000,4,3,3,15,0.13893335767434398,15,0.13893335767434398,1,0.0,3,0.4823753112982602,3,0.4823753112982602,0.4823753112982602
alanine,subsample,vae,32000,5,3,3,15,0.17469987353814875,15,0.17469987353814875,1,0.0,4,0.5354141677141964,3,0.4762399012577232,0.4762399012577232
alanine,subsample,vae,32000,6,3,3,15,0.13497949441943263,15,0.13497949441943263,1,0.0,3,0.49323215193539127,3,0.49323215193539127,0.49323215193539127
alanine,subsample,vae,32000,7,3,3,15,0.1329897364438413,15,0.1329897364438413,1,0.0,3,0.5110420453981249,2,0.7885336736748741,0.5110420453981249
