potential,method,n_frames,dim,seed,k_true,k_bic,ari_bic,k_aic,ari_aic,k_icl,ari_icl,k_silhouette,ari_silhouette,k_elbow_gap,ari_elbow_gap,ari_oracle_k,degenerate_embedding,runtime_s
prinz1d,pca,500,2,0,4,7,0.5428358973062757,15,0.3428966797954825,7,0.5428358973062757,4,0.8458198598571919,2,0.4784557451832554,0.8458198598571919,False,5.733157157897949
prinz1d,pca,500,2,1,4,9,0.5075072387560019,12,0.4319532459442387,6,0.6860290551952475,4,0.9015443857957814,2,0.4929471053260092,0.9015443857957814,False,5.128289699554443
prinz1d,pca,500,2,2,4,8,0.6222998624821157,13,0.44248735228748964,6,0.7462286330778939,4,0.9481084744898618,2,0.49852670838417146,0.9481084744898618,False,4.878038167953491
prinz1d,pca,500,2,3,4,9,0.4903701588502088,10,0.4711710868929515,6,0.6856457932666221,4,0.9270220325672701,2,0.4861455580358383,0.9270220325672701,False,4.882575273513794
prinz1d,pca,500,2,4,4,8,0.5728827397350893,14,0.3720212406066791,6,0.7340518300348344,4,0.9129452922200474,2,0.4852868552127195,0.9129452922200474,False,3.8709330558776855
prinz1d,pca,500,2,5,4,7,0.665976227158069,14,0.39110337014261415,5,0.8586639451799364,4,0.965920779024208,2,0.49218443975537657,0.965920779024208,False,4.3260393142700195
prinz1d,pca,500,2,6,4,10,0.4329100825655183,13,0.33724424363903616,5,0.7285054511948601,4,0.9206488068460117,2,0.49325059967982593,0.9206488068460117,False,5.486836910247803
prinz1d,pca,500,2,7,4,10,0.4531484788254492,15,0.36067932183744006,6,0.7000810916080024,4,0.9053872265302431,2,0.4855385253195818,0.9053872265302431,False,5.027499198913574
prinz1d,pca,500,2,8,4,9,0.563920696692269,15,0.3408393770514359,5,0.7495051373267538,4,0.905609513252054,2,0.47446258922791834,0.905609513252054,False,5.052541017532349
prinz1d,pca,500,2,9,4,8,0.5761652035847931,12,0.42820386789459697,7,0.6564720234066067,4,0.8422843202163597,2,0.5223926155103304,0.8422843202163597,False,4.792416334152222
prinz1d,pca,500,3,0,4,8,0.54775619175511,15,0.36087384038769743,7,0.5400744801445609,4,0.8695175814247514,2,0.4784557451832554,0.8695175814247514,False,1.5186069011688232
prinz1d,pca,500,3,1,4,8,0.6039727787663259,15,0.3553069937640339,8,0.6039727787663259,4,0.9243294666644336,2,0.4929471053260092,0.9243294666644336,False,1.394526720046997
prinz1d,pca,500,3,2,4,9,0.574344909955221,15,0.40108514426742875,7,0.6428431689000537,4,0.9595621096982486,2,0.49852670838417146,0.9595621096982486,False,1.2900769710540771
prinz1d,pca,500,3,3,4,9,0.4929809713125809,15,0.3722892373165691,7,0.5881408816263669,4,0.9301060857631426,2,0.4861455580358383,0.9301060857631426,False,1.429443120956421
prinz1d,pca,500,3,4,4,10,0.526052943049047,12,0.44039265788630355,7,0.6641966843998366,4,0.9341413123378323,2,0.4891965763136733,0.9341413123378323,False,1.4171621799468994
prinz1d,pca,500,3,5,4,9,0.5750140232244478,15,0.392352712042191,9,0.5750140232244478,4,0.9777806665152792,2,0.49608868685562196,0.9777806665152792,False,1.6142706871032715
prinz1d,pca,500,3,6,4,8,0.5338567123072765,12,0.35235112115129835,8,0.5338567123072765,4,0.9055674362509379,2,0.49325059967982593,0.9055674362509379,False,1.651970624923706
prinz1d,pca,500,3,7,4,8,0.5718638166372357,14,0.4002653680792699,8,0.5718638166372357,4,0.9053872265302431,2,0.4855385253195818,0.9053872265302431,False,1.3734557628631592
prinz1d,pca,500,3,8,4,9,0.5485071763642906,15,0.3636427026570844,8,0.530250897579036,4,0.9731963943930141,2,0.47446258922791834,0.9731963943930141,False,1.371227502822876
prinz1d,pca,500,3,9,4,9,0.565444768737218,13,0.4280934631776406,7,0.6572689110438914,4,0.9277137798716897,2,0.5271458089834636,0.9277137798716897,False,1.3576998710632324
prinz1d,pca,500,5,0,4,7,0.5854449155121201,14,0.36227434658635493,6,0.620955917109047,4,0.8870943369596926,2,0.4784557451832554,0.8870943369596926,False,1.4894468784332275
prinz1d,pca,500,5,1,4,6,0.6330359158012664,14,0.38657380557686094,6,0.6330359158012664,4,0.9185713677523619,2,0.4929471053260092,0.9185713677523619,False,1.712717056274414
prinz1d,pca,500,5,2,4,7,0.6414137043196659,14,0.4198131184657549,7,0.6414137043196659,4,0.9618498683566237,2,0.49852670838417146,0.9618498683566237,False,1.346886157989502
prinz1d,pca,500,5,3,4,8,0.5284041139812673,15,0.346118128234282,7,0.6175209226470899,4,0.949074149167092,2,0.4861455580358383,0.949074149167092,False,1.4255497455596924
prinz1d,pca,500,5,4,4,7,0.6570166649231145,15,0.3848771566789733,7,0.6570166649231145,4,0.9523506113115268,2,0.4891965763136733,0.9523506113115268,False,1.4716970920562744
prinz1d,pca,500,5,5,4,7,0.632137826341662,15,0.3526411956465189,5,0.7880721389852179,4,0.989619178089045,2,0.49608868685562196,0.989619178089045,False,1.3813261985778809
prinz1d,pca,500,5,6,4,6,0.5684554355661734,12,0.3468901955909513,6,0.5684554355661734,4,0.9814911544397601,2,0.49325059967982593,0.9814911544397601,False,1.6812036037445068
prinz1d,pca,500,5,7,4,7,0.6268065436523564,15,0.3529030025034267,6,0.7004538814776677,4,0.9110233855264122,2,0.4855385253195818,0.9110233855264122,False,1.5425105094909668
prinz1d,pca,500,5,8,4,6,0.6808046962236883,11,0.4375390097601275,5,0.6976942225787031,4,0.9668828277166871,2,0.47446258922791834,0.9668828277166871,False,1.441253423690796
prinz1d,pca,500,5,9,4,7,0.5985865009455148,15,0.3840849546104428,7,0.5985865009455148,4,0.9384621115988152,2,0.5223926155103304,0.9384621115988152,False,1.4439330101013184
prinz1d,pca,1000,2,0,4,9,0.4993815745730672,14,0.36861087306488616,8,0.5576020679926103,4,0.8690842193737823,2,0.47335896355323526,0.8690842193737823,False,1.6771206855773926
prinz1d,pca,1000,2,1,4,10,0.48525356721203605,15,0.3333987059411691,6,0.7242536414806747,4,0.9367256991929178,2,0.5085950451629488,0.9367256991929178,False,1.7560365200042725
prinz1d,pca,1000,2,2,4,11,0.45879732152536046,13,0.412673406106527,9,0.5288762619253768,4,0.9012831846015222,2,0.4982457543874795,0.9012831846015222,False,1.9272518157958984
prinz1d,pca,1000,2,3,4,12,0.41857907838802905,13,0.4158233574622069,6,0.7070904669866059,4,0.9106599922625542,2,0.4739521590330028,0.9106599922625542,False,1.8780834674835205
prinz1d,pca,1000,2,4,4,9,0.5355068689786372,13,0.3979510272518916,6,0.7061140645891183,4,0.9342919412191022,2,0.4881102778647455,0.9342919412191022,False,1.6740632057189941
prinz1d,pca,1000,2,5,4,9,0.5359251136841944,14,0.3669125316325071,9,0.5359251136841944,4,0.9229070709011588,2,0.4997928901977499,0.9229070709011588,False,1.511784315109253
prinz1d,pca,1000,2,6,4,11,0.41381622213808195,14,0.36631017336258304,8,0.5304173322880807,4,0.8792945895589764,2,0.4686318121790315,0.8792945895589764,False,1.8896915912628174
prinz1d,pca,1000,2,7,4,10,0.49942711961761616,15,0.3500902820152321,8,0.604585896004948,4,0.9666315439852853,2,0.4940146277845153,0.9666315439852853,False,1.6889405250549316
prinz1d,pca,1000,2,8,4,9,0.4866141386438375,12,0.40909868876377825,5,0.7439860944875119,4,0.8456456315322936,2,0.4822982002717356,0.8456456315322936,False,1.7830162048339844
prinz1d,pca,1000,2,9,4,11,0.4794219335021645,14,0.40081957307236327,6,0.711023215610976,4,0.9783539211849347,2,0.5145525879473365,0.9783539211849347,False,1.6301887035369873
prinz1d,pca,1000,3,0,4,11,0.4339879161252808,15,0.34698752695109797,9,0.4629669062486125,4,0.9353010246700709,2,0.47335896355323526,0.9353010246700709,False,2.054816484451294
prinz1d,pca,1000,3,1,4,10,0.49536961693883375,13,0.4198289580659274,7,0.6402907070962225,4,0.9629141380006453,2,0.5085950451629488,0.9629141380006453,False,1.7244913578033447
prinz1d,pca,1000,3,2,4,11,0.45359446204943654,15,0.3698555944183365,10,0.4953486980158175,4,0.9199951463923146,2,0.4982457543874795,0.9199951463923146,False,2.1556122303009033
prinz1d,pca,1000,3,3,4,11,0.47801086808877313,14,0.39720150750181354,9,0.541468642808591,4,0.939484827896513,2,0.4776135912662029,0.939484827896513,False,2.109205722808838
prinz1d,pca,1000,3,4,4,9,0.5232702306815213,14,0.3871512839298619,7,0.6210189841352405,4,0.964731915738082,2,0.4881102778647455,0.964731915738082,False,1.9975223541259766
prinz1d,pca,1000,3,5,4,9,0.5359543741172355,14,0.38230528949221676,8,0.5663855633871587,4,0.9234419484376521,2,0.4997928901977499,0.9234419484376521,False,1.8153226375579834
prinz1d,pca,1000,3,6,4,10,0.4749855731365582,15,0.3309287378374059,8,0.5493820836433893,4,0.8973699944707908,2,0.4686318121790315,0.8973699944707908,False,1.9119338989257812
prinz1d,pca,1000,3,7,4,10,0.49087565225528124,15,0.37783174182951135,8,0.5991302626306697,4,0.9877311370240057,2,0.4940146277845153,0.9877311370240057,False,2.037710428237915
prinz1d,pca,1000,3,8,4,10,0.4884970925083425,15,0.3437978252224979,8,0.5315370673864424,4,0.8501599457031382,2,0.48422647916124717,0.8501599457031382,False,2.731799364089966
prinz1d,pca,1000,3,9,4,10,0.526590642988385,13,0.4637892475391698,9,0.5784907860415136,4,0.9838110275938817,2,0.5145525879473365,0.9838110275938817,False,2.570244312286377
prinz1d,pca,1000,5,0,4,9,0.45797745633780107,15,0.34114790531914735,9,0.45797745633780107,4,0.9640398263903518,2,0.47335896355323526,0.9640398263903518,False,2.520289897918701
prinz1d,pca,1000,5,1,4,8,0.580807529692772,15,0.3813646960719704,7,0.6634767924154172,4,0.9747960974043856,2,0.5085950451629488,0.9747960974043856,False,2.3224899768829346
prinz1d,pca,1000,5,2,4,9,0.48046751877474997,13,0.4303042246009151,8,0.5616595025236149,4,0.9523246075994591,2,0.4982457543874795,0.9523246075994591,False,2.166428565979004
prinz1d,pca,1000,5,3,4,10,0.5137742608354563,14,0.3848267984104389,10,0.5137742608354563,4,0.9578495557417618,2,0.4776135912662029,0.9578495557417618,False,1.98984956741333
prinz1d,pca,1000,5,4,4,8,0.5903133505677415,15,0.35994786415647273,8,0.5903133505677415,4,0.9609575760940426,2,0.4881102778647455,0.9609575760940426,False,2.3811757564544678
prinz1d,pca,1000,5,5,4,8,0.5832356375982622,15,0.3757430341280078,8,0.5832356375982622,4,0.9452057567101966,2,0.4997928901977499,0.9452057567101966,False,2.240450859069824
prinz1d,pca,1000,5,6,4,8,0.5349439843673086,15,0.3576177780881934,7,0.6008169722979452,4,0.9498698924580139,2,0.4686318121790315,0.9498698924580139,False,2.385362148284912
prinz1d,pca,1000,5,7,4,9,0.5003961754655846,15,0.33968509560519783,7,0.6696132855108726,4,0.9847049621222984,2,0.4940146277845153,0.9847049621222984,False,2.3515865802764893
prinz1d,pca,1000,5,8,4,9,0.5028066896574684,14,0.407889647176411,8,0.550031845695294,4,0.9089280103545139,2,0.4822982002717356,0.9089280103545139,False,2.0184037685394287
prinz1d,pca,1000,5,9,4,9,0.5651937010266499,14,0.42193228999905696,7,0.6677128254334909,4,0.9730260656033103,2,0.5145525879473365,0.9730260656033103,False,2.17801570892334
prinz1d,pca,2000,2,0,4,12,0.3969600740636009,14,0.3681768752478427,8,0.5516132303296128,4,0.8948458421658823,2,0.4748592537501456,0.8948458421658823,False,2.447866916656494
prinz1d,pca,2000,2,1,4,10,0.46359564732604547,15,0.3273545356305122,7,0.5727976301758997,4,0.8824615198863652,2,0.5035705139810106,0.8824615198863652,False,2.590963363647461
prinz1d,pca,2000,2,2,4,12,0.4226475893377152,15,0.35989277716051205,7,0.5723042713205719,4,0.8776787285386036,2,0.494047130685464,0.8776787285386036,False,2.5717952251434326
prinz1d,pca,2000,2,3,4,11,0.4426648274262413,14,0.36784784888371014,6,0.713337139503637,4,0.932092344853483,2,0.4781397077556565,0.932092344853483,False,2.6159067153930664
prinz1d,pca,2000,2,4,4,11,0.4380698267189414,15,0.35572311663775574,6,0.6439993417669264,4,0.8809934976579239,2,0.48420837489764157,0.8809934976579239,False,2.8110814094543457
prinz1d,pca,2000,2,5,4,11,0.46724697484373273,15,0.34808068957926025,5,0.8082422153170317,4,0.920036810549751,2,0.499979910347995,0.920036810549751,False,2.5683975219726562
prinz1d,pca,2000,2,6,4,11,0.42240085231054564,15,0.3388123876350002,5,0.7401813898396431,4,0.8313265672442156,3,0.7545286659207782,0.8313265672442156,False,2.644181251525879
prinz1d,pca,2000,2,7,4,13,0.40284264374018713,13,0.40284264374018713,6,0.6929471230958939,4,0.9222792390203866,2,0.4884282846582768,0.9222792390203866,False,2.803550958633423
prinz1d,pca,2000,2,8,4,11,0.45017375069294907,15,0.3417587572641476,6,0.6809334021624827,4,0.9168343895134172,2,0.48456258311888606,0.9168343895134172,False,2.6448585987091064
prinz1d,pca,2000,2,9,4,11,0.4510798285201473,15,0.39002624497870453,6,0.6912300685618129,4,0.9590551006005711,2,0.5145040102633974,0.9590551006005711,False,2.284219980239868
prinz1d,pca,2000,3,0,4,12,0.42966872656793886,15,0.3575333204520053,9,0.49236878906004056,4,0.9326907879858406,2,0.4757979012862945,0.9326907879858406,False,2.9112696647644043
prinz1d,pca,2000,3,1,4,12,0.4063671080021046,15,0.34409547771857296,7,0.6027794118545045,4,0.8954724813947634,2,0.5046520597270103,0.8954724813947634,False,2.542316198348999
prinz1d,pca,2000,3,2,4,11,0.47269058867641306,15,0.3682816452374445,8,0.5389317312277748,4,0.9178387411647075,2,0.4950852735499617,0.9178387411647075,False,2.776118278503418
prinz1d,pca,2000,3,3,4,12,0.4323316218126357,15,0.34756933097813575,8,0.5981501007397976,4,0.9477931462900784,2,0.4781397077556565,0.9477931462900784,False,3.230482578277588
prinz1d,pca,2000,3,4,4,11,0.4355790851733503,15,0.3440442795702355,10,0.5057863411939569,4,0.8987327303236347,2,0.4851433552788106,0.8987327303236347,False,2.6765482425689697
prinz1d,pca,2000,3,5,4,11,0.47128004051840644,15,0.38936369939923493,8,0.5809403247900878,4,0.9492408635660775,2,0.5010174252907686,0.9492408635660775,False,2.8397202491760254
prinz1d,pca,2000,3,6,4,12,0.40451720908124,15,0.3471381480256276,8,0.5037392135783326,4,0.9124062965824489,2,0.4628539791026639,0.9124062965824489,False,2.8084537982940674
prinz1d,pca,2000,3,7,4,12,0.42654835740685104,15,0.35590026145022163,9,0.5415274875904779,4,0.9367991033219908,2,0.4884282846582768,0.9367991033219908,False,2.7524917125701904
prinz1d,pca,2000,3,8,4,12,0.4472866083505641,15,0.3763875203344477,9,0.5144079739711386,4,0.933144445806835,2,0.48657478724420816,0.933144445806835,False,2.9915685653686523
prinz1d,pca,2000,3,9,4,11,0.47359060653592683,15,0.36213521428741097,8,0.5596781269316063,4,0.960844656343319,2,0.5155944381514436,0.960844656343319,False,2.6534883975982666
prinz1d,pca,2000,5,0,4,9,0.4640040212124146,14,0.3611381567444386,8,0.5117498987506638,4,0.9499909049706021,2,0.4748592537501456,0.9499909049706021,False,3.0748391151428223
prinz1d,pca,2000,5,1,4,11,0.4514141692482529,15,0.3516043203524117,7,0.6087124072102713,4,0.9414774215310592,2,0.5046520597270103,0.9414774215310592,False,2.8187406063079834
prinz1d,pca,2000,5,2,4,11,0.4482823301757114,15,0.34851116673731314,8,0.5696724046048182,4,0.9409714222512842,2,0.494047130685464,0.9409714222512842,False,3.157862424850464
prinz1d,pca,2000,5,3,4,11,0.4762406885460531,15,0.34991678859166686,9,0.5387032749568216,4,0.9551259230693959,2,0.4781397077556565,0.9551259230693959,False,3.4340639114379883
prinz1d,pca,2000,5,4,4,11,0.43834300248527436,15,0.3749765178589049,8,0.5510959426253083,4,0.9293560793786066,2,0.4851433552788106,0.9293560793786066,False,3.204482316970825
prinz1d,pca,2000,5,5,4,11,0.4771000133380238,15,0.37950064265528866,7,0.6729727413502625,4,0.9777410638678123,2,0.5010174252907686,0.9777410638678123,False,2.9869210720062256
prinz1d,pca,2000,5,6,4,9,0.47179217489040565,15,0.351640493776639,8,0.5096036389977269,4,0.9379788119583029,2,0.4628539791026639,0.9379788119583029,False,3.0930190086364746
prinz1d,pca,2000,5,7,4,10,0.48311825690228605,14,0.3820782321845288,9,0.5638378446223662,4,0.955490350529373,2,0.4884282846582768,0.955490350529373,False,3.0804171562194824
prinz1d,pca,2000,5,8,4,9,0.5116337188007138,14,0.3763884421918292,8,0.5667858827045605,4,0.9651547691142179,2,0.48657478724420816,0.9651547691142179,False,3.003352642059326
prinz1d,pca,2000,5,9,4,9,0.534107030581093,15,0.4064566753489052,9,0.534107030581093,4,0.9703582546129478,2,0.5155944381514436,0.9703582546129478,False,3.185131788253784
prinz1d,pca,4000,2,0,4,13,0.3820266527921644,15,0.3117045969295053,7,0.5525810323388012,4,0.8287065224980483,2,0.47614460733493713,0.8287065224980483,False,5.231220245361328
prinz1d,pca,4000,2,1,4,13,0.39294005235717444,15,0.34700164008671713,7,0.5641732852874777,4,0.8656673982219784,2,0.5011741804619669,0.8656673982219784,False,5.591416597366333
prinz1d,pca,4000,2,2,4,13,0.41877956833471386,15,0.34389832310382645,8,0.5696700935243074,4,0.8795389715764425,2,0.4957371815187006,0.8795389715764425,False,5.272812128067017
prinz1d,pca,4000,2,3,4,13,0.3884142013785632,15,0.35550148127595743,8,0.549072181938481,4,0.8730876286646531,2,0.4818793349357112,0.8730876286646531,False,5.5361647605896
prinz1d,pca,4000,2,4,4,15,0.350056672424164,15,0.350056672424164,7,0.5821183928026065,4,0.9052670151878769,2,0.48431586802907134,0.9052670151878769,False,4.9862377643585205
prinz1d,pca,4000,2,5,4,12,0.4510353868893495,15,0.368096919728925,8,0.5679968937724809,4,0.9210272148382456,2,0.4985989124716803,0.9210272148382456,False,5.493826866149902
prinz1d,pca,4000,2,6,4,15,0.3134650851601552,15,0.3134650851601552,5,0.7460478994809253,4,0.8759394726034871,2,0.4669978352822552,0.8759394726034871,False,5.577958822250366
prinz1d,pca,4000,2,7,4,13,0.40379147632828744,15,0.3515995948751459,9,0.5341073397706894,4,0.9095287111939248,2,0.49100998106738514,0.9095287111939248,False,5.22338080406189
prinz1d,pca,4000,2,8,4,13,0.38907567238852087,15,0.33996355486852736,6,0.6995555192336154,4,0.9032713013777696,2,0.4844983475936916,0.9032713013777696,False,5.695312023162842
prinz1d,pca,4000,2,9,4,11,0.47834330132130315,15,0.35030627400635894,6,0.6995424249643127,4,0.8974978905871558,2,0.5124413445403869,0.8974978905871558,False,5.609265327453613
prinz1d,pca,4000,3,0,4,13,0.3984587628275271,15,0.3454215093784342,9,0.4694304770092048,4,0.8766912751719107,2,0.4775756398991475,0.8766912751719107,False,5.641030788421631
prinz1d,pca,4000,3,1,4,14,0.37518374455722475,15,0.3474243676109297,9,0.5178066571919462,4,0.9061292630937716,2,0.5022266707378594,0.9061292630937716,False,5.5239105224609375
prinz1d,pca,4000,3,2,4,14,0.3735641941191314,15,0.3778342140949762,11,0.49001311799478503,4,0.9055541709598233,2,0.4961917508344317,0.9055541709598233,False,5.556410074234009
prinz1d,pca,4000,3,3,4,15,0.37909622578546304,15,0.37909622578546304,8,0.5503702710023382,4,0.9140316036183128,2,0.48282772015691594,0.9140316036183128,False,5.501161575317383
prinz1d,pca,4000,3,4,4,13,0.41323092912582915,15,0.36039369291173134,8,0.5493446383488744,4,0.9302629003029124,2,0.48431586802907134,0.9302629003029124,False,5.405807971954346
prinz1d,pca,4000,3,5,4,15,0.37616696855148224,15,0.37616696855148224,8,0.5851522042194122,4,0.9595886039394768,2,0.4991114911141721,0.9595886039394768,False,5.224827766418457
prinz1d,pca,4000,3,6,4,14,0.36722791467823424,15,0.3154426848854207,9,0.4876091207422816,4,0.899100013826213,2,0.4684407318421082,0.899100013826213,False,5.487496376037598
prinz1d,pca,4000,3,7,4,13,0.3985649925809891,15,0.38388916601097306,10,0.49886577958048056,4,0.9473125462271674,2,0.4915042637831914,0.9473125462271674,False,5.44934606552124
prinz1d,pca,4000,3,8,4,14,0.3769102247291124,15,0.36667090034560584,8,0.5543526079454996,4,0.9195099748563237,2,0.4859840977871738,0.9195099748563237,False,5.581197738647461
prinz1d,pca,4000,3,9,4,13,0.42359919727497064,15,0.38105507899628827,9,0.5426127136993638,4,0.91657981306101,2,0.515102882378776,0.91657981306101,False,5.4993720054626465
prinz1d,pca,4000,5,0,4,13,0.376882499317956,15,0.3495170419425111,10,0.452454752928772,4,0.9322777627625957,2,0.4775756398991475,0.9322777627625957,False,5.818736791610718
prinz1d,pca,4000,5,1,4,13,0.40181978409929314,15,0.35476729822415687,10,0.4837977531890381,4,0.9366162451400395,2,0.5022266707378594,0.9366162451400395,False,5.758141040802002
prinz1d,pca,4000,5,2,4,13,0.39693914047866286,15,0.3571989436757195,10,0.48445316222724416,4,0.9394811300023803,2,0.4967818432425574,0.9394811300023803,False,6.032854795455933
prinz1d,pca,4000,5,3,4,12,0.41905321388993105,15,0.3425502803834197,11,0.44534148294205506,4,0.9524280568094279,2,0.48235329019148226,0.9524280568094279,False,5.806289434432983
prinz1d,pca,4000,5,4,4,12,0.4367839621735492,15,0.3613873464205497,9,0.49667255885775624,4,0.9644795938126992,2,0.48431586802907134,0.9644795938126992,False,5.692232131958008
prinz1d,pca,4000,5,5,4,12,0.4470144966380839,15,0.37231785880611656,8,0.5941598070743955,4,0.9785724801544989,2,0.4991114911141721,0.9785724801544989,False,5.676433324813843
prinz1d,pca,4000,5,6,4,13,0.3432157821965396,15,0.31474659412732425,9,0.46555248657249937,4,0.9617247712156144,2,0.4684407318421082,0.9617247712156144,False,5.840540409088135
prinz1d,pca,4000,5,7,4,12,0.4460911455520301,15,0.3720133346898179,10,0.49353749433541577,4,0.9674552878000232,2,0.49100998106738514,0.9674552878000232,False,5.807569742202759
prinz1d,pca,4000,5,8,4,13,0.3820182127656028,15,0.3511863283138031,8,0.5815728846610845,4,0.9559080636067888,2,0.4849931190181005,0.9559080636067888,False,6.077147483825684
prinz1d,pca,4000,5,9,4,12,0.4502930132265142,15,0.3693623279836889,10,0.5114808623391481,4,0.9408717537858563,2,0.515102882378776,0.9408717537858563,False,5.931320667266846
prinz1d,pca,8000,2,0,4,14,0.34982851882346216,15,0.3287599775585995,7,0.5626706146791327,4,0.8683547168876308,2,0.476061320199759,0.8683547168876308,False,14.361456394195557
prinz1d,pca,8000,2,1,4,14,0.3741508715781077,15,0.3507536212238388,7,0.5785790879591513,4,0.9028570082392968,2,0.5011415437881487,0.9028570082392968,False,14.617802858352661
prinz1d,pca,8000,2,2,4,14,0.364011004475579,14,0.364011004475579,6,0.686130703823743,4,0.8813921717158758,2,0.4946519169924327,0.8813921717158758,False,13.837959289550781
prinz1d,pca,8000,2,3,4,13,0.3835202665921473,15,0.34186867435797186,8,0.5709591453911158,4,0.9071993676613449,2,0.4810557523335113,0.9071993676613449,False,13.44975233078003
prinz1d,pca,8000,2,4,4,15,0.35258401979742066,15,0.35258401979742066,6,0.7067228781737613,4,0.9008832958630407,2,0.4868862346083211,0.9008832958630407,False,13.388981342315674
prinz1d,pca,8000,2,5,4,15,0.3589980705814126,15,0.3589980705814126,8,0.5851746583331628,4,0.9330261272801279,2,0.49734326239596327,0.9330261272801279,False,13.527647495269775
prinz1d,pca,8000,2,6,4,13,0.3724424067240833,15,0.3089128603250629,6,0.6991323572714893,4,0.8850976816029048,3,0.8058191405549965,0.8850976816029048,False,13.252383947372437
prinz1d,pca,8000,2,7,4,15,0.37701257396122656,15,0.37701257396122656,6,0.714745687572433,4,0.9280801604953427,2,0.4894353020785051,0.9280801604953427,False,13.564403295516968
prinz1d,pca,8000,2,8,4,14,0.3642528176748878,15,0.33961147197576386,8,0.5634890392549008,4,0.8847441258045823,2,0.48288780149359684,0.8847441258045823,False,13.69687294960022
prinz1d,pca,8000,2,9,4,15,0.35409588764290956,15,0.35409588764290956,6,0.7031291370924462,4,0.9232002647464782,2,0.5147600108460073,0.9232002647464782,False,13.113009214401245
prinz1d,pca,8000,3,0,4,15,0.33176720120382336,15,0.33176720120382336,10,0.4586684855091532,4,0.9172896889473543,2,0.4764102711065926,0.9172896889473543,False,14.132707357406616
prinz1d,pca,8000,3,1,4,15,0.35887758705868805,15,0.35887758705868805,9,0.5285909163615562,4,0.9252989022055432,2,0.5032520167381004,0.9252989022055432,False,13.806957006454468
prinz1d,pca,8000,3,2,4,15,0.37824521319360005,15,0.37824521319360005,11,0.4525827899636256,4,0.8976555669057076,2,0.49568973043787284,0.8976555669057076,False,13.926974773406982
prinz1d,pca,8000,3,3,4,15,0.35580822079927105,15,0.35580822079927105,10,0.4915692494860595,4,0.9345618145875354,2,0.4824733469438312,0.9345618145875354,False,13.966895341873169
prinz1d,pca,8000,3,4,4,15,0.35819727590781586,15,0.35819727590781586,9,0.5164588152241988,4,0.9320816005554303,2,0.4876113110280916,0.9320816005554303,False,13.556852102279663
prinz1d,pca,8000,3,5,4,15,0.3828236161860457,15,0.3828236161860457,10,0.50626438894503,4,0.9549640122565792,2,0.4983307956858723,0.9549640122565792,False,13.605858325958252
prinz1d,pca,8000,3,6,4,15,0.323886977500076,15,0.323886977500076,9,0.49337062263082787,4,0.9233206668211406,2,0.4680742853796618,0.9233206668211406,False,13.607610940933228
prinz1d,pca,8000,3,7,4,15,0.36718588132739655,15,0.36718588132739655,11,0.4779932864325189,4,0.9487534724706064,2,0.4904144729590135,0.9487534724706064,False,13.614884853363037
prinz1d,pca,8000,3,8,4,15,0.3445129447672634,15,0.3445129447672634,11,0.4441582898992073,4,0.9357640912024051,2,0.48460403829606413,0.9357640912024051,False,13.573388814926147
prinz1d,pca,8000,3,9,4,15,0.3709474607111686,15,0.3709474607111686,9,0.5480121929008931,4,0.9408979738394593,2,0.5166214247071331,0.9408979738394593,False,13.660348892211914
prinz1d,pca,8000,5,0,4,14,0.3540010260936733,15,0.3317946633207437,11,0.43085255383159476,4,0.9524661468138174,2,0.476173268237375,0.9524661468138174,False,14.296127319335938
prinz1d,pca,8000,5,1,4,14,0.3905705337517314,15,0.3612695295717993,11,0.4506165052068787,4,0.9475777418045036,2,0.5024596333829401,0.9475777418045036,False,14.332780361175537
prinz1d,pca,8000,5,2,4,14,0.38797895632585483,15,0.361431350889613,10,0.4794696339502976,4,0.9402196955315797,2,0.4951705695307727,0.9402196955315797,False,14.15636682510376
prinz1d,pca,8000,5,3,4,14,0.3697259919017422,15,0.36132932398039475,11,0.44874059663247906,4,0.9632153277988577,2,0.48223678534594505,0.9632153277988577,False,14.424754858016968
prinz1d,pca,8000,5,4,4,13,0.39567553899878716,15,0.35287866867330253,11,0.4491033960489729,4,0.9578682605888924,2,0.4876113110280916,0.9578682605888924,False,13.621637105941772
prinz1d,pca,8000,5,5,4,14,0.39856936094026085,15,0.3767830007744532,10,0.49255299226775306,4,0.9716511868005612,2,0.49836696106264317,0.9716511868005612,False,13.770443201065063
prinz1d,pca,8000,5,6,4,14,0.3411486203553876,15,0.330100579083781,9,0.47719336075536295,4,0.9514669109202257,2,0.4678351301657631,0.9514669109202257,False,13.71234917640686
prinz1d,pca,8000,5,7,4,14,0.3935026210414103,15,0.3731563124698871,9,0.5106003990142531,4,0.9736411566886605,2,0.4904144729590135,0.9736411566886605,False,13.705878257751465
prinz1d,pca,8000,5,8,4,15,0.3629768350203451,15,0.3629768350203451,9,0.4839063871613667,4,0.9612202059254839,2,0.48460403829606413,0.9612202059254839,False,13.996718883514404
prinz1d,pca,8000,5,9,4,15,0.36414670282140155,15,0.36414670282140155,9,0.5314251013974366,4,0.9617040128768086,2,0.516667233086378,0.9617040128768086,False,13.840423583984375
prinz1d,pca,16000,2,0,4,15,0.3301979671330456,15,0.3301979671330456,7,0.5621384455984421,4,0.8733510278582675,2,0.47680622443779025,0.8733510278582675,False,36.47183322906494
prinz1d,pca,16000,2,1,4,15,0.3470211993423095,15,0.3470211993423095,6,0.701249074274684,4,0.8952613145519444,2,0.5018748506812285,0.8952613145519444,False,37.45367741584778
prinz1d,pca,16000,2,2,4,14,0.3845350692871356,14,0.3845350692871356,8,0.5720803855171664,4,0.8777609858794329,2,0.49556777402834523,0.8777609858794329,False,38.04385423660278
prinz1d,pca,16000,2,3,4,15,0.3442915507615437,15,0.3442915507615437,7,0.5754768356265194,4,0.8875846134413375,2,0.4810844598510277,0.8875846134413375,False,37.993380546569824
prinz1d,pca,16000,2,4,4,15,0.33818403473672576,15,0.33818403473672576,7,0.5898290675579428,4,0.9095903451096977,2,0.48608973216320767,0.9095903451096977,False,36.88904619216919
prinz1d,pca,16000,2,5,4,15,0.35973142725408747,15,0.35973142725408747,8,0.5809594598021901,4,0.9221065039261741,2,0.49820836631053483,0.9221065039261741,False,36.85368800163269
prinz1d,pca,16000,2,6,4,15,0.3021137524704339,15,0.3021137524704339,7,0.5446726006718658,4,0.8704746317194405,3,0.7923478034163227,0.8704746317194405,False,36.628546714782715
prinz1d,pca,16000,2,7,4,15,0.3605344359759773,15,0.3605344359759773,6,0.700442503612376,4,0.9087072972027735,2,0.4906691155409193,0.9087072972027735,False,37.42503643035889
prinz1d,pca,16000,2,8,4,15,0.33423641044206676,15,0.33423641044206676,7,0.5754289052664715,4,0.8842385569939459,2,0.48524336740402246,0.8842385569939459,False,36.584657192230225
prinz1d,pca,16000,2,9,4,15,0.35864632002185304,15,0.35864632002185304,6,0.7006518037153232,4,0.9192904437596868,2,0.5133003466284554,0.9192904437596868,False,37.241971254348755
prinz1d,pca,16000,3,0,4,15,0.32716068756557193,15,0.32716068756557193,9,0.477621675855902,4,0.9163867268596659,2,0.4773992915946378,0.9163867268596659,False,36.15879154205322
prinz1d,pca,16000,3,1,4,15,0.3712843202249282,15,0.3712843202249282,10,0.49294869363017607,4,0.9281420444397174,2,0.5033012885773368,0.9281420444397174,False,37.289836406707764
prinz1d,pca,16000,3,2,4,15,0.3640906777534342,15,0.3640906777534342,11,0.476555639065588,4,0.9164361255240255,2,0.49671814308846385,0.9164361255240255,False,36.919538736343384
prinz1d,pca,16000,3,3,4,15,0.36236831621083954,15,0.36236831621083954,10,0.4891248375467576,4,0.9356832760710498,2,0.4828559439579077,0.9356832760710498,False,36.808879375457764
prinz1d,pca,16000,3,4,4,15,0.35222606772180554,15,0.35222606772180554,10,0.49183216853917644,4,0.9389154171464688,2,0.48753264236022154,0.9389154171464688,False,36.59450435638428
prinz1d,pca,16000,3,5,4,15,0.3698113826452597,15,0.3698113826452597,10,0.499921582563604,4,0.947751118874024,2,0.4993091200380807,0.947751118874024,False,39.93648886680603
prinz1d,pca,16000,3,6,4,15,0.3324760615020111,15,0.3324760615020111,9,0.4817784729869196,4,0.91589924487673,2,0.4684120559202376,0.91589924487673,False,38.366830825805664
prinz1d,pca,16000,3,7,4,15,0.3731152314085834,15,0.3731152314085834,10,0.48065456340063406,4,0.9452793633759827,2,0.4916234940393898,0.9452793633759827,False,38.748990535736084
prinz1d,pca,16000,3,8,4,15,0.3483774826636684,15,0.3483774826636684,10,0.4819489626419761,4,0.9204252173224297,2,0.4859783649658094,0.9204252173224297,False,37.74813723564148
prinz1d,pca,16000,3,9,4,15,0.3695382802078402,15,0.3695382802078402,10,0.5022492588729985,4,0.9483298495328585,2,0.5161414817842472,0.9483298495328585,False,39.467862606048584
prinz1d,pca,16000,5,0,4,15,0.33096874986592667,15,0.33096874986592667,9,0.47114539177589965,4,0.9460497912755184,2,0.4770433662881875,0.9460497912755184,False,38.54941940307617
prinz1d,pca,16000,5,1,4,15,0.36396360739586064,15,0.36396360739586064,10,0.47866798509168046,4,0.9504054856826526,2,0.5026656915495865,0.9504054856826526,False,39.73199510574341
prinz1d,pca,16000,5,2,4,15,0.3658188964479971,15,0.3658188964479971,11,0.4603195961082925,4,0.9523771920285363,2,0.4961985537519114,0.9523771920285363,False,38.64917278289795
prinz1d,pca,16000,5,3,4,15,0.3481186068097296,15,0.3481186068097296,11,0.44633655430679775,4,0.9633013831319486,2,0.48238289728582384,0.9633013831319486,False,39.3259391784668
prinz1d,pca,16000,5,4,4,15,0.3604160653914516,15,0.3604160653914516,9,0.4954708476466285,4,0.9625415094189304,2,0.48705118135254566,0.9625415094189304,False,38.526155948638916
prinz1d,pca,16000,5,5,4,15,0.37404070842092413,15,0.37404070842092413,10,0.4990963713747671,4,0.971716524934221,2,0.4993457767099429,0.971716524934221,False,38.93735933303833
prinz1d,pca,16000,5,6,4,15,0.3372185669569861,15,0.3372185669569861,9,0.4654979430001352,4,0.9416753287925506,2,0.4684494277945779,0.9416753287925506,False,37.930500507354736
prinz1d,pca,16000,5,7,4,15,0.3637825930574977,15,0.3637825930574977,10,0.47720361238762393,4,0.9740761677283852,2,0.4915018955300046,0.9740761677283852,False,38.38969802856445
prinz1d,pca,16000,5,8,4,15,0.34720989088638177,15,0.34720989088638177,11,0.44092783367338356,4,0.9542095600715582,2,0.4859783649658094,0.9542095600715582,False,38.68872547149658
prinz1d,pca,16000,5,9,4,15,0.3678799464289605,15,0.3678799464289605,10,0.4948485408830439,4,0.9667564864979314,2,0.5157346224866377,0.9667564864979314,False,39.264177083969116
prinz1d,tica,500,2,0,4,1,0.0,1,0.0,1,0.0,10,0.01089234631573239,3,0.012059269217251358,0.005123380632288326,False,1.1890499591827393
prinz1d,tica,500,2,1,4,1,0.0,2,0.009727380826564826,1,0.0,5,0.0038287156637104632,2,0.009727380826564826,0.01266846113611049,False,1.2973365783691406
prinz1d,tica,500,2,2,4,1,0.0,1,0.0,1,0.0,3,0.01406511050148903,3,0.01406511050148903,0.021137554438480047,False,1.2648930549621582
prinz1d,tica,500,2,3,4,1,0.0,2,0.021418582113522745,1,0.0,3,0.029724598014129393,3,0.029724598014129393,0.030054141753850547,False,1.1501028537750244
prinz1d,tica,500,2,4,4,1,0.0,1,0.0,1,0.0,14,0.007303432357532036,3,0.0065664219983055,0.004810185002390419,False,1.288238763809204
prinz1d,tica,500,2,5,4,1,0.0,1,0.0,1,0.0,3,0.01897164679176472,3,0.01897164679176472,0.026893187472481563,False,1.2375984191894531
prinz1d,tica,500,2,6,4,1,0.0,1,0.0,1,0.0,4,0.017876534107494957,2,0.004054416508465512,0.017876534107494957,False,1.221649408340454
prinz1d,tica,500,2,7,4,1,0.0,1,0.0,1,0.0,11,0.014330941332136833,2,0.032985878861349426,0.021689264443470507,False,1.121551513671875
prinz1d,tica,500,2,8,4,1,0.0,1,0.0,1,0.0,7,0.06434306449583252,2,0.12495825550779618,0.11140736509234558,False,1.2903954982757568
prinz1d,tica,500,2,9,4,1,0.0,1,0.0,1,0.0,3,0.07369435376487989,3,0.07369435376487989,0.0639847701711171,False,1.2568585872650146
prinz1d,tica,500,3,0,4,1,0.0,1,0.0,1,0.0,4,0.010538432643975753,2,-0.002758332543217225,0.010538432643975753,False,1.8900957107543945
prinz1d,tica,500,3,1,4,1,0.0,14,0.013138437882898273,1,0.0,2,0.017204727039291396,2,0.017204727039291396,0.020850169282688347,False,2.273904800415039
prinz1d,tica,500,3,2,4,1,0.0,1,0.0,1,0.0,3,0.020497273107670865,2,0.01851921621136614,0.01742800438353432,False,2.109890937805176
prinz1d,tica,500,3,3,4,1,0.0,2,0.01932341895760629,1,0.0,4,0.04231672351397705,2,0.01932341895760629,0.04231672351397705,False,2.0076451301574707
prinz1d,tica,500,3,4,4,1,0.0,1,0.0,1,0.0,2,0.01272235098039333,2,0.01272235098039333,0.014749936067527171,False,2.075211763381958
prinz1d,tica,500,3,5,4,1,0.0,13,0.020467888843488855,1,0.0,4,0.05104754344584778,2,0.020271468736348983,0.05104754344584778,False,2.1934969425201416
prinz1d,tica,500,3,6,4,1,0.0,1,0.0,1,0.0,3,0.02733213804178325,2,0.0042024201732024265,0.023320049361501446,False,2.1748578548431396
prinz1d,tica,500,3,7,4,1,0.0,1,0.0,1,0.0,2,0.010562306821916494,2,0.010562306821916494,0.031285132472448386,False,2.162510633468628
prinz1d,tica,500,3,8,4,1,0.0,1,0.0,1,0.0,2,0.062263516196925286,2,0.062263516196925286,0.10789970831092786,False,1.9611053466796875
prinz1d,tica,500,3,9,4,1,0.0,3,0.008557220295008404,1,0.0,2,0.020500109775423356,2,0.020500109775423356,0.04679452065251944,False,2.027097702026367
prinz1d,tica,500,5,0,4,1,0.0,11,-0.0022073908393599293,1,0.0,2,0.00861682630324133,2,0.00861682630324133,0.020979043691346805,False,2.984926223754883
prinz1d,tica,500,5,1,4,1,0.0,10,0.005431969945289959,1,0.0,3,0.02329230713906301,2,0.020800417870886923,0.017852820562041523,False,2.851679801940918
prinz1d,tica,500,5,2,4,1,0.0,14,0.013511171119778915,1,0.0,2,0.049502304948265054,2,0.049502304948265054,0.03197667567507412,False,3.1044585704803467
prinz1d,tica,500,5,3,4,1,0.0,15,0.02467718344234123,1,0.0,2,0.022492803790149868,2,0.022492803790149868,0.037308726875846604,False,2.6424083709716797
prinz1d,tica,500,5,4,4,1,0.0,14,0.0073206362319259075,1,0.0,2,0.0019947929051964903,2,0.0019947929051964903,0.019517353866243838,False,2.6843948364257812
prinz1d,tica,500,5,5,4,1,0.0,14,0.019842580039224924,1,0.0,3,0.07564791633413197,2,0.00700242766489534,0.06783250282795417,False,2.926100492477417
prinz1d,tica,500,5,6,4,1,0.0,2,0.05410512186895594,1,0.0,2,0.05410512186895594,2,0.05410512186895594,0.03388983994468264,False,2.7573330402374268
prinz1d,tica,500,5,7,4,1,0.0,14,0.03309218395130876,1,0.0,2,0.03423785121303793,2,0.03423785121303793,0.05268436290562009,False,2.7607972621917725
prinz1d,tica,500,5,8,4,1,0.0,15,0.03979475985419354,1,0.0,2,0.0261305047235644,2,0.0261305047235644,0.08019954379930472,False,2.8081958293914795
prinz1d,tica,500,5,9,4,1,0.0,11,0.04329223328327904,1,0.0,2,0.11396555975876543,2,0.11396555975876543,0.04440418773018011,False,2.9070403575897217
prinz1d,tica,1000,2,0,4,1,0.0,2,0.12868702836009874,1,0.0,10,0.05168578268149249,2,0.12868702836009874,0.08999357621825313,False,1.9488394260406494
prinz1d,tica,1000,2,1,4,2,0.2975853659438309,2,0.2975853659438309,1,0.0,3,0.24943233187549638,2,0.2975853659438309,0.1862279855072021,False,1.812673568725586
prinz1d,tica,1000,2,2,4,1,0.0,2,0.17879846698810903,1,0.0,4,0.12313366277861748,2,0.17879846698810903,0.12313366277861748,False,1.8800022602081299
prinz1d,tica,1000,2,3,4,2,0.33727098864466537,2,0.33727098864466537,1,0.0,2,0.33727098864466537,2,0.33727098864466537,0.2335738961443618,False,1.7892334461212158
prinz1d,tica,1000,2,4,4,1,0.0,1,0.0,1,0.0,12,0.02465957281302376,3,0.04279017051948394,0.052131439032515076,False,1.8615963459014893
prinz1d,tica,1000,2,5,4,2,0.42350025397936103,3,0.4095757811633333,2,0.42350025397936103,2,0.42350025397936103,2,0.42350025397936103,0.30195950508446895,False,1.7766633033752441
prinz1d,tica,1000,2,6,4,1,0.0,2,0.1611282451040131,1,0.0,3,0.12943018992990724,3,0.12943018992990724,0.13721945999958626,False,1.8026847839355469
prinz1d,tica,1000,2,7,4,2,0.32372768570205623,2,0.32372768570205623,1,0.0,2,0.32372768570205623,3,0.24872441646166493,0.22630067393139425,False,1.768324375152588
prinz1d,tica,1000,2,8,4,1,0.0,2,0.13942924028459266,1,0.0,4,0.11239348559953512,2,0.13942924028459266,0.11239348559953512,False,1.7997667789459229
prinz1d,tica,1000,2,9,4,1,0.0,1,0.0,1,0.0,4,0.13686159148314922,2,0.19300537743017426,0.13686159148314922,False,1.9133260250091553
prinz1d,tica,1000,3,0,4,1,0.0,2,0.11230325173917668,1,0.0,2,0.11230325173917668,2,0.11230325173917668,0.08339405450817584,False,2.2678909301757812
prinz1d,tica,1000,3,1,4,2,0.3174703631475795,2,0.3174703631475795,1,0.0,2,0.3174703631475795,2,0.3174703631475795,0.20486134839619358,False,2.5711636543273926
prinz1d,tica,1000,3,2,4,1,0.0,2,0.15520703399183786,1,0.0,5,0.15471092911195516,2,0.15520703399183786,0.15055972201790196,False,2.3850460052490234
prinz1d,tica,1000,3,3,4,2,0.3204575035647796,2,0.3204575035647796,1,0.0,2,0.3204575035647796,2,0.3204575035647796,0.23039822051605352,False,2.3176772594451904
prinz1d,tica,1000,3,4,4,1,0.0,1,0.0,1,0.0,2,0.00897961850868939,2,0.00897961850868939,0.02899849182494484,False,2.3035337924957275
prinz1d,tica,1000,3,5,4,2,0.4231266801919105,2,0.4231266801919105,2,0.4231266801919105,2,0.4231266801919105,2,0.4231266801919105,0.35643306012000137,False,2.3283441066741943
prinz1d,tica,1000,3,6,4,1,0.0,2,0.027530656851254772,1,0.0,4,0.09919728984145641,2,0.027530656851254772,0.09919728984145641,False,2.2134573459625244
prinz1d,tica,1000,3,7,4,2,0.4234709405330225,4,0.34853371636650965,2,0.4234709405330225,2,0.4234709405330225,2,0.4234709405330225,0.34853371636650965,False,2.2895779609680176
prinz1d,tica,1000,3,8,4,1,0.0,2,0.14101372554560812,1,0.0,2,0.14101372554560812,2,0.14101372554560812,0.11101913169713798,False,2.5021495819091797
prinz1d,tica,1000,3,9,4,1,0.0,2,0.18340726736627638,1,0.0,4,0.1552062876094708,2,0.18340726736627638,0.1552062876094708,False,2.610913038253784
prinz1d,tica,1000,5,0,4,2,0.2197772195172462,14,0.06635310106100889,1,0.0,2,0.2197772195172462,2,0.2197772195172462,0.15658119512140628,False,3.8367016315460205
prinz1d,tica,1000,5,1,4,2,0.354368823406281,4,0.26433769940101287,1,0.0,2,0.354368823406281,2,0.354368823406281,0.26433769940101287,False,3.8092539310455322
prinz1d,tica,1000,5,2,4,1,0.0,2,0.24505094213374062,1,0.0,2,0.24505094213374062,2,0.24505094213374062,0.22273001198773765,False,4.292134761810303
prinz1d,tica,1000,5,3,4,2,0.3231221011858983,2,0.3231221011858983,1,0.0,2,0.3231221011858983,2,0.3231221011858983,0.214447333853611,False,3.9142696857452393
prinz1d,tica,1000,5,4,4,1,0.0,1,0.0,1,0.0,2,0.02751863001822673,2,0.02751863001822673,0.053517894606434566,False,4.274172306060791
prinz1d,tica,1000,5,5,4,2,0.43715954229714904,14,0.13839525953976767,2,0.43715954229714904,2,0.43715954229714904,2,0.43715954229714904,0.38860510589177566,False,4.111956596374512
prinz1d,tica,1000,5,6,4,1,0.0,2,0.18297831466953976,1,0.0,2,0.18297831466953976,2,0.18297831466953976,0.1025686194168636,False,4.03296160697937
prinz1d,tica,1000,5,7,4,2,0.4075357793353407,4,0.38297436152906394,2,0.4075357793353407,2,0.4075357793353407,2,0.4075357793353407,0.38297436152906394,False,4.016251802444458
prinz1d,tica,1000,5,8,4,1,0.0,2,0.22237174486851213,1,0.0,2,0.22237174486851213,2,0.22237174486851213,0.16295677326012373,False,4.296760320663452
prinz1d,tica,1000,5,9,4,1,0.0,13,0.0650075223524102,1,0.0,4,0.15104107802116534,2,0.09490198330618267,0.15104107802116534,False,4.252678871154785
prinz1d,tica,2000,2,0,4,4,0.4103665509087886,4,0.4103665509087886,2,0.44372377588397244,2,0.44372377588397244,2,0.44372377588397244,0.4103665509087886,False,2.8716297149658203
prinz1d,tica,2000,2,1,4,2,0.49803732954311924,2,0.49803732954311924,2,0.49803732954311924,2,0.49803732954311924,2,0.49803732954311924,0.3375270817045368,False,2.4798901081085205
prinz1d,tica,2000,2,2,4,3,0.444660881814743,8,0.2907799779305388,2,0.4820626827851426,2,0.4820626827851426,2,0.4820626827851426,0.4146795811070667,False,3.0809338092803955
prinz1d,tica,2000,2,3,4,2,0.4764203252684111,3,0.43831567061861126,2,0.4764203252684111,2,0.4764203252684111,2,0.4764203252684111,0.3991692882211644,False,2.6276252269744873
prinz1d,tica,2000,2,4,4,3,0.509317452319844,8,0.268282283535174,2,0.48234442356720014,2,0.48234442356720014,2,0.48234442356720014,0.41568726255096283,False,2.7453420162200928
prinz1d,tica,2000,2,5,4,3,0.5042154394447012,8,0.38409281848904847,2,0.49570561743012126,2,0.49570561743012126,2,0.49570561743012126,0.46261780092532795,False,2.8684797286987305
prinz1d,tica,2000,2,6,4,2,0.4543325160954011,3,0.358427484626301,2,0.4543325160954011,2,0.4543325160954011,2,0.4543325160954011,0.3336112617999837,False,2.509732723236084
prinz1d,tica,2000,2,7,4,4,0.521453080490544,4,0.521453080490544,2,0.4755413967323694,2,0.4755413967323694,2,0.4755413967323694,0.521453080490544,False,3.380098342895508
prinz1d,tica,2000,2,8,4,2,0.47659336903538135,2,0.47659336903538135,2,0.47659336903538135,2,0.47659336903538135,2,0.47659336903538135,0.33019250437748676,False,2.484271764755249
prinz1d,tica,2000,2,9,4,2,0.5143219494685621,2,0.5143219494685621,2,0.5143219494685621,2,0.5143219494685621,2,0.5143219494685621,0.33833973216563995,False,2.3442916870117188
prinz1d,tica,2000,3,0,4,2,0.44372377588397244,6,0.29597116911736204,2,0.44372377588397244,2,0.44372377588397244,2,0.44372377588397244,0.30848851247501785,False,3.6286277770996094
prinz1d,tica,2000,3,1,4,2,0.49696743491462186,3,0.45659999443485166,2,0.49696743491462186,2,0.49696743491462186,2,0.49696743491462186,0.3390456135889654,False,3.5398733615875244
prinz1d,tica,2000,3,2,4,2,0.4787497943943883,7,0.3389300022655908,2,0.4787497943943883,2,0.4787497943943883,2,0.4787497943943883,0.3914809259451698,False,3.9653546810150146
prinz1d,tica,2000,3,3,4,2,0.4764203252684111,4,0.4021906192736251,2,0.4764203252684111,2,0.4764203252684111,2,0.4764203252684111,0.4021906192736251,False,3.401721477508545
prinz1d,tica,2000,3,4,4,3,0.5121836019269815,5,0.4313245916081399,2,0.48141546034077426,2,0.48141546034077426,2,0.48141546034077426,0.4274292688608512,False,3.6636369228363037
prinz1d,tica,2000,3,5,4,3,0.5532379449271152,7,0.42118198358964026,2,0.49673517403202294,2,0.49673517403202294,2,0.49673517403202294,0.5278412343815915,False,4.335681438446045
prinz1d,tica,2000,3,6,4,2,0.45343106110772513,3,0.35965358717987045,2,0.45343106110772513,2,0.45343106110772513,2,0.45343106110772513,0.2895561852277705,False,3.1920344829559326
prinz1d,tica,2000,3,7,4,2,0.4775551689625777,5,0.46294635156710545,2,0.4775551689625777,2,0.4775551689625777,2,0.4775551689625777,0.362418534598933,False,3.9714152812957764
prinz1d,tica,2000,3,8,4,2,0.47659336903538135,2,0.47659336903538135,2,0.47659336903538135,2,0.47659336903538135,2,0.47659336903538135,0.33610379228792675,False,2.997931718826294
prinz1d,tica,2000,3,9,4,2,0.513233043446511,3,0.48648032926658635,2,0.513233043446511,2,0.513233043446511,2,0.513233043446511,0.369011693449243,False,3.5714218616485596
prinz1d,tica,2000,5,0,4,3,0.5240822984089967,3,0.5240822984089967,3,0.5240822984089967,2,0.45267934371978974,2,0.45267934371978974,0.43986211931806973,False,4.892179489135742
prinz1d,tica,2000,5,1,4,2,0.49696743491462186,4,0.441303361465841,2,0.49696743491462186,2,0.49696743491462186,2,0.49696743491462186,0.441303361465841,False,4.3379364013671875
prinz1d,tica,2000,5,2,4,2,0.4797633224880883,7,0.2987066261824444,2,0.4797633224880883,2,0.4797633224880883,2,0.4797633224880883,0.3824459693987126,False,5.1992552280426025
prinz1d,tica,2000,5,3,4,2,0.4792578731896675,4,0.42282716843662643,2,0.4792578731896675,2,0.4792578731896675,2,0.4792578731896675,0.42282716843662643,False,4.891756296157837
prinz1d,tica,2000,5,4,4,2,0.48234442356720014,4,0.528499167037076,2,0.48234442356720014,2,0.48234442356720014,2,0.48234442356720014,0.528499167037076,False,4.917530536651611
prinz1d,tica,2000,5,5,4,4,0.6476823483662668,6,0.5450251149407886,2,0.4968803155146466,2,0.4968803155146466,2,0.4968803155146466,0.6476823483662668,False,5.425231218338013
prinz1d,tica,2000,5,6,4,2,0.45523570508894223,3,0.34510698195115314,2,0.45523570508894223,2,0.45523570508894223,2,0.45523570508894223,0.29523967365527093,False,4.579514265060425
prinz1d,tica,2000,5,7,4,3,0.5645673274173146,5,0.4799076611022508,2,0.47460525983983576,2,0.47460525983983576,2,0.47460525983983576,0.3563139958937668,False,5.4847753047943115
prinz1d,tica,2000,5,8,4,2,0.47842785988881303,4,0.38296411828987037,2,0.47842785988881303,2,0.47842785988881303,2,0.47842785988881303,0.38296411828987037,False,4.470012426376343
prinz1d,tica,2000,5,9,4,2,0.5143219494685621,3,0.4879362740846642,2,0.5143219494685621,2,0.5143219494685621,2,0.5143219494685621,0.4887546565167051,False,4.878684759140015
prinz1d,tica,4000,2,0,4,4,0.48601824199899674,4,0.48601824199899674,2,0.4643796103539419,2,0.4643796103539419,2,0.4643796103539419,0.48601824199899674,False,8.618802309036255
prinz1d,tica,4000,2,1,4,4,0.5343780215969192,4,0.5343780215969192,2,0.4954223048782443,2,0.4954223048782443,2,0.4954223048782443,0.5343780215969192,False,7.698291778564453
prinz1d,tica,4000,2,2,4,4,0.5375282940693119,4,0.5375282940693119,2,0.48642715878484355,2,0.48642715878484355,2,0.48642715878484355,0.5375282940693119,False,7.058812141418457
prinz1d,tica,4000,2,3,4,5,0.5139716189138132,7,0.4257010142346989,2,0.4790455995151372,2,0.4790455995151372,2,0.4790455995151372,0.5578902611022222,False,8.115324020385742
prinz1d,tica,4000,2,4,4,4,0.5217666853773701,8,0.40331470490736465,2,0.47909922476527644,2,0.47909922476527644,2,0.47909922476527644,0.5217666853773701,False,7.60111141204834
prinz1d,tica,4000,2,5,4,4,0.7113706104426925,9,0.4763449146464006,4,0.7113706104426925,2,0.49249033402920805,2,0.49249033402920805,0.7113706104426925,False,6.814368724822998
prinz1d,tica,4000,2,6,4,4,0.46027068932096393,10,0.2787214264556547,2,0.46126431294715065,2,0.46126431294715065,2,0.46126431294715065,0.46027068932096393,False,7.923221588134766
prinz1d,tica,4000,2,7,4,4,0.5519509813069331,4,0.5519509813069331,2,0.4856077470488739,2,0.4856077470488739,2,0.4856077470488739,0.5519509813069331,False,7.569401264190674
prinz1d,tica,4000,2,8,4,5,0.4720475666850986,7,0.4002715479809904,2,0.4776220994583615,2,0.4776220994583615,2,0.4776220994583615,0.5419384789243398,False,7.486047744750977
prinz1d,tica,4000,2,9,4,4,0.6044514004708359,7,0.41302121063374014,2,0.5092668816669844,2,0.5092668816669844,2,0.5092668816669844,0.6044514004708359,False,7.872056245803833
prinz1d,tica,4000,3,0,4,4,0.5151710990208256,4,0.5151710990208256,3,0.5298475085057524,2,0.4634509039841927,2,0.4634509039841927,0.5151710990208256,False,7.557251453399658
prinz1d,tica,4000,3,1,4,4,0.5369960010134135,4,0.5369960010134135,2,0.49646344934298176,2,0.49646344934298176,2,0.49646344934298176,0.5369960010134135,False,7.634653091430664
prinz1d,tica,4000,3,2,4,4,0.580641629726201,4,0.580641629726201,2,0.4843809126397441,2,0.4843809126397441,2,0.4843809126397441,0.580641629726201,False,8.002124547958374
prinz1d,tica,4000,3,3,4,4,0.5908177614407392,9,0.37976945171975274,2,0.4784397501536942,2,0.4784397501536942,2,0.4784397501536942,0.5908177614407392,False,7.656890392303467
prinz1d,tica,4000,3,4,4,4,0.5717302731504033,7,0.46912264762062317,2,0.47909922476527644,2,0.47909922476527644,2,0.47909922476527644,0.5717302731504033,False,7.472663640975952
prinz1d,tica,4000,3,5,4,4,0.7120274840346782,6,0.6411333240893211,4,0.7120274840346782,2,0.492996384400483,2,0.492996384400483,0.7120274840346782,False,7.259106159210205
prinz1d,tica,4000,3,6,4,5,0.400249478993521,5,0.400249478993521,2,0.459840509863125,2,0.459840509863125,2,0.459840509863125,0.36388734999410255,False,7.7006824016571045
prinz1d,tica,4000,3,7,4,4,0.5489504783318718,5,0.48897112508950735,2,0.4851198179780812,2,0.4851198179780812,2,0.4851198179780812,0.5489504783318718,False,7.7938666343688965
prinz1d,tica,4000,3,8,4,5,0.5079503744656905,8,0.3960401047665435,2,0.47859861760287786,2,0.47859861760287786,2,0.47859861760287786,0.47602133208722275,False,7.144059658050537
prinz1d,tica,4000,3,9,4,5,0.5965376987616485,6,0.4989550770535889,2,0.5092668816669844,2,0.5092668816669844,2,0.5092668816669844,0.5243826939522825,False,8.106295824050903
prinz1d,tica,4000,5,0,4,4,0.5471092080661552,4,0.5471092080661552,3,0.5295285837774337,2,0.46764474851219684,2,0.46764474851219684,0.5471092080661552,False,8.313438177108765
prinz1d,tica,4000,5,1,4,4,0.5525793356913659,4,0.5525793356913659,2,0.49438323609021717,2,0.49438323609021717,2,0.49438323609021717,0.5525793356913659,False,8.509921550750732
prinz1d,tica,4000,5,2,4,4,0.6350497606860873,5,0.5649564478911407,3,0.5832665171791818,2,0.48489169689363226,2,0.48489169689363226,0.6350497606860873,False,8.847582340240479
prinz1d,tica,4000,5,3,4,4,0.5992868924996391,8,0.3943017706692922,3,0.5429364893048237,2,0.47656155929398486,2,0.47656155929398486,0.5992868924996391,False,7.777373313903809
prinz1d,tica,4000,5,4,4,4,0.5834684717558762,6,0.49728529606310823,2,0.4809892173977236,2,0.4809892173977236,2,0.4809892173977236,0.5834684717558762,False,9.25923204421997
prinz1d,tica,4000,5,5,4,4,0.7672954756667976,13,0.39554236648664454,4,0.7672954756667976,2,0.4914798751397693,2,0.4914798751397693,0.7672954756667976,False,8.630274772644043
prinz1d,tica,4000,5,6,4,3,0.44660671878645736,6,0.368124814739615,2,0.46126431294715065,2,0.46126431294715065,2,0.46126431294715065,0.4256391543518669,False,9.071678876876831
prinz1d,tica,4000,5,7,4,4,0.5490046334742097,5,0.49652067403749256,2,0.4856077470488739,2,0.4856077470488739,2,0.4856077470488739,0.5490046334742097,False,9.337684154510498
prinz1d,tica,4000,5,8,4,5,0.5106211802451979,5,0.5106211802451979,2,0.48055747267651067,2,0.48055747267651067,2,0.48055747267651067,0.6054545889018234,False,8.259401559829712
prinz1d,tica,4000,5,9,4,4,0.6410543565055495,6,0.5435321107958434,2,0.5108514648645195,2,0.5108514648645195,2,0.5108514648645195,0.6410543565055495,False,9.643908500671387
prinz1d,tica,8000,2,0,4,9,0.48675453684550707,10,0.4800526616097787,5,0.5964015464187739,3,0.5524579163758966,3,0.5524579163758966,0.6211182715123441,False,13.58962082862854
prinz1d,tica,8000,2,1,4,8,0.5119167156032294,10,0.4058125540966476,4,0.6682253568608512,3,0.6158824756016091,3,0.6158824756016091,0.6682253568608512,False,13.53858232498169
prinz1d,tica,8000,2,2,4,7,0.5826531308048566,10,0.5013922303618582,4,0.7133080976083478,3,0.6080579777197942,3,0.6080579777197942,0.7133080976083478,False,13.33036494255066
prinz1d,tica,8000,2,3,4,8,0.4939039162309654,10,0.46131639938275704,3,0.5709121718966977,3,0.5709121718966977,3,0.5709121718966977,0.6260447683505689,False,14.038515090942383
prinz1d,tica,8000,2,4,4,8,0.5041203793713118,14,0.3346961847117068,4,0.6534291415902642,3,0.5849924700004355,3,0.5849924700004355,0.6534291415902642,False,12.785699129104614
prinz1d,tica,8000,2,5,4,9,0.5777482699135097,12,0.42517162598637026,4,0.8024295473431806,3,0.6336328934387174,3,0.6336328934387174,0.8024295473431806,False,12.61069941520691
prinz1d,tica,8000,2,6,4,8,0.5233858331948192,10,0.4103978761570656,4,0.6433585757398401,3,0.5142204615175485,3,0.5142204615175485,0.6433585757398401,False,13.557110071182251
prinz1d,tica,8000,2,7,4,8,0.5198152727254336,11,0.3802003447728134,4,0.6878817398706099,3,0.6016069028552675,3,0.6016069028552675,0.6878817398706099,False,13.451253175735474
prinz1d,tica,8000,2,8,4,9,0.49229337178644367,13,0.3347396044078231,4,0.6576581646260127,3,0.5754298022702166,3,0.5754298022702166,0.6576581646260127,False,13.732558965682983
prinz1d,tica,8000,2,9,4,8,0.5702600366353048,9,0.5105715420569954,4,0.7950225576658134,3,0.6752211093422523,3,0.6752211093422523,0.7950225576658134,False,13.96738076210022
prinz1d,tica,8000,3,0,4,8,0.4865618939883185,9,0.4815728437874382,5,0.6094680319080193,3,0.5522749897893915,3,0.5522749897893915,0.6354891436493305,False,17.74332284927368
prinz1d,tica,8000,3,1,4,7,0.5066191275824945,11,0.37796135057504304,4,0.6765272534181007,3,0.6148550023417696,3,0.6148550023417696,0.6765272534181007,False,16.79081702232361
prinz1d,tica,8000,3,2,4,7,0.5417602534012562,10,0.5051503108803927,4,0.7274290856230166,3,0.6084560984787619,3,0.6084560984787619,0.7274290856230166,False,16.60105323791504
prinz1d,tica,8000,3,3,4,7,0.5075751169613795,12,0.34539514871189947,3,0.5702057753284705,3,0.5702057753284705,3,0.5702057753284705,0.6472074223133549,False,18.485599994659424
prinz1d,tica,8000,3,4,4,9,0.5105656482401905,12,0.38774120893696906,4,0.8397097192699596,3,0.5830283726396065,4,0.8397097192699596,0.8397097192699596,False,14.866930723190308
prinz1d,tica,8000,3,5,4,9,0.5304969439298906,14,0.4112925751111241,4,0.8701609304333005,4,0.8701609304333005,4,0.8701609304333005,0.8701609304333005,False,15.378681182861328
prinz1d,tica,8000,3,6,4,8,0.4221243903038802,10,0.4019190873244089,4,0.6660674441785424,2,0.46047378033127395,4,0.6660674441785424,0.6660674441785424,False,15.289916276931763
prinz1d,tica,8000,3,7,4,8,0.5537389380838302,10,0.44134092026327537,4,0.7360419677949226,3,0.6033345975431147,4,0.7360419677949226,0.7360419677949226,False,16.462002754211426
prinz1d,tica,8000,3,8,4,9,0.46072232287121545,13,0.3651019453682041,4,0.8084315554344208,3,0.5724910242633672,4,0.8084315554344208,0.8084315554344208,False,14.456342697143555
prinz1d,tica,8000,3,9,4,7,0.5699401694840068,11,0.4450132650374676,4,0.7868413513443973,3,0.6731755503288203,3,0.6731755503288203,0.7868413513443973,False,15.410351514816284
prinz1d,tica,8000,5,0,4,7,0.5346698790847064,13,0.3419944695607365,5,0.6439789702136594,3,0.5542015705192641,3,0.5542015705192641,0.68387167651221,False,18.347227334976196
prinz1d,tica,8000,5,1,4,7,0.49093817782759025,10,0.3832608603061984,4,0.6783685051866599,3,0.6152873152205721,2,0.5011415437881487,0.6783685051866599,False,18.290144205093384
prinz1d,tica,8000,5,2,4,7,0.5798169067293093,11,0.39157502845173003,4,0.8142744329281427,3,0.6086702186723025,2,0.49077827770264604,0.8142744329281427,False,17.729357957839966
prinz1d,tica,8000,5,3,4,6,0.5903906574810694,11,0.38326410657444643,5,0.6465236837916265,3,0.5661075561168202,3,0.5661075561168202,0.6796849806149867,False,18.403056144714355
prinz1d,tica,8000,5,4,4,7,0.618491191175991,12,0.40980949166224456,4,0.8624216550317201,3,0.5844826380640686,2,0.48017232700345436,0.8624216550317201,False,17.288524389266968
prinz1d,tica,8000,5,5,4,8,0.5112656241619037,12,0.41018049623177916,4,0.8924160084427428,3,0.6322319403013914,3,0.6322319403013914,0.8924160084427428,False,17.709448099136353
prinz1d,tica,8000,5,6,4,6,0.562438228538462,9,0.39812994643576327,4,0.7161619198590685,2,0.46141789167399166,2,0.46141789167399166,0.7161619198590685,False,18.46276092529297
prinz1d,tica,8000,5,7,4,7,0.6444588184025213,10,0.5332983359214151,4,0.8402074942037101,4,0.8402074942037101,4,0.8402074942037101,0.8402074942037101,False,18.675774097442627
prinz1d,tica,8000,5,8,4,7,0.583865031295093,10,0.44284868732982713,4,0.8082375000050461,3,0.5733993871047356,2,0.47850164720004473,0.8082375000050461,False,16.863919973373413
prinz1d,tica,8000,5,9,4,7,0.5754838078448068,9,0.5000618461838156,4,0.7971579043842979,3,0.6759906235674217,3,0.6759906235674217,0.7971579043842979,False,17.84170413017273
prinz1d,tica,16000,2,0,4,11,0.528570223693832,14,0.44068408157094535,6,0.7141311751462934,3,0.5562077208579526,3,0.5562077208579526,0.763394995587429,False,36.990829944610596
prinz1d,tica,16000,2,1,4,12,0.5231966158898994,14,0.5020838005040537,6,0.7598297828903386,3,0.6223278967524036,3,0.6223278967524036,0.819525773429287,False,36.79956650733948
prinz1d,tica,16000,2,2,4,12,0.46978137546955306,15,0.37264535719087016,5,0.8122920627478569,3,0.6146352885970578,3,0.6146352885970578,0.8634188070794706,False,36.757431983947754
prinz1d,tica,16000,2,3,4,11,0.527413676582187,15,0.38357636499814296,6,0.7461647555195045,3,0.5692414720796322,3,0.5692414720796322,0.7923698701273163,False,36.470534801483154
prinz1d,tica,16000,2,4,4,11,0.5435423590844712,14,0.5173976667808551,5,0.7628600606209658,3,0.5887771098831508,3,0.5887771098831508,0.8012163029187174,False,36.32300138473511
prinz1d,tica,16000,2,5,4,11,0.5241950889954294,15,0.3731831882954068,6,0.7430116948508382,3,0.6374762947373617,3,0.6374762947373617,0.8095466960575132,False,36.50076389312744
prinz1d,tica,16000,2,6,4,12,0.41276810136828956,14,0.39778325168710843,5,0.6470521120164326,3,0.5223836561227904,3,0.5223836561227904,0.6730669039766489,False,36.924232959747314
prinz1d,tica,16000,2,7,4,13,0.5208381933699164,13,0.5208381933699164,6,0.741539820130161,3,0.6196105191925844,3,0.6196105191925844,0.8152414488277588,False,36.26929569244385
prinz1d,tica,16000,2,8,4,11,0.5225698390878786,15,0.3613777734868505,5,0.7133124788529043,3,0.580072271100262,3,0.580072271100262,0.7505076415540377,False,36.51812195777893
prinz1d,tica,16000,2,9,4,10,0.5590542383793636,13,0.4940735467502538,5,0.8295829437648446,3,0.6811896437987579,3,0.6811896437987579,0.8768529245779736,False,36.10514712333679
prinz1d,tica,16000,3,0,4,12,0.4217292568735271,15,0.35739275019854083,6,0.6941833054867955,4,0.8079780861623507,4,0.8079780861623507,0.8079780861623507,False,38.551841020584106
prinz1d,tica,16000,3,1,4,13,0.40534059376683795,15,0.36402900096974694,6,0.7390319185931077,4,0.8864684977640717,4,0.8864684977640717,0.8864684977640717,False,39.31408476829529
prinz1d,tica,16000,3,2,4,13,0.4280006965964412,15,0.36340047621022487,6,0.7363042048397949,4,0.8652990355004364,4,0.8652990355004364,0.8652990355004364,False,39.60610580444336
prinz1d,tica,16000,3,3,4,13,0.39983295592350965,15,0.36408675567633586,7,0.693386594940216,4,0.8761220741510358,4,0.8761220741510358,0.8761220741510358,False,37.86597967147827
prinz1d,tica,16000,3,4,4,13,0.41079679626266685,15,0.36946651688176535,6,0.6991300165519283,4,0.8895577757657145,4,0.8895577757657145,0.8895577757657145,False,38.90390992164612
prinz1d,tica,16000,3,5,4,14,0.39271780061054773,15,0.375985577237448,6,0.7621631342345663,4,0.9197808477076028,4,0.9197808477076028,0.9197808477076028,False,41.09755992889404
prinz1d,tica,16000,3,6,4,14,0.37760134145020735,15,0.36262611723890276,6,0.7012748789943111,4,0.772240771970383,4,0.772240771970383,0.772240771970383,False,39.18780708312988
prinz1d,tica,16000,3,7,4,13,0.42030171344173833,15,0.3750708957087134,5,0.8178495785885231,4,0.8782823378496295,4,0.8782823378496295,0.8782823378496295,False,44.2032675743103
prinz1d,tica,16000,3,8,4,12,0.43381683566235096,15,0.37266725856282945,5,0.8175422128807696,4,0.8675232984351685,4,0.8675232984351685,0.8675232984351685,False,42.10448336601257
prinz1d,tica,16000,3,9,4,12,0.44312028900259787,15,0.38966935970754735,6,0.7608241047155777,4,0.9407754479374182,4,0.9407754479374182,0.9407754479374182,False,41.590314626693726
prinz1d,tica,16000,5,0,4,11,0.4464716793395335,15,0.30952597710714586,6,0.71310512268228,4,0.8187392321620228,4,0.8187392321620228,0.8187392321620228,False,50.15980553627014
prinz1d,tica,16000,5,1,4,11,0.4754197798022638,14,0.370652338065721,6,0.7298841753286023,4,0.8833081572271698,4,0.8833081572271698,0.8833081572271698,False,49.4467236995697
prinz1d,tica,16000,5,2,4,12,0.45560783393248544,15,0.3951893990468649,6,0.7256236907681978,4,0.8630591116564493,4,0.8630591116564493,0.8630591116564493,False,53.92074179649353
prinz1d,tica,16000,5,3,4,10,0.5148759005601256,14,0.371261055963129,6,0.7421764933119741,4,0.8711422390396367,4,0.8711422390396367,0.8711422390396367,False,49.76128125190735
prinz1d,tica,16000,5,4,4,11,0.4643589344348215,15,0.3362824060097583,6,0.6883555578643612,4,0.9077234718914502,4,0.9077234718914502,0.9077234718914502,False,47.928776264190674
prinz1d,tica,16000,5,5,4,11,0.4729591838273205,14,0.3749161586215404,6,0.7263835179325853,4,0.9232947947185979,4,0.9232947947185979,0.9232947947185979,False,49.522366523742676
prinz1d,tica,16000,5,6,4,11,0.43595504048275197,14,0.3540961995201919,6,0.6829353544316829,4,0.7721554541418839,4,0.7721554541418839,0.7721554541418839,False,55.07217884063721
prinz1d,tica,16000,5,7,4,10,0.4943521231328151,14,0.36440633648865234,6,0.7249188728501644,4,0.8898974617543196,4,0.8898974617543196,0.8898974617543196,False,52.85974383354187
prinz1d,tica,16000,5,8,4,11,0.4581873347846894,11,0.4581873347846894,6,0.7287455835948577,4,0.8683595146263721,4,0.8683595146263721,0.8683595146263721,False,53.1880247592926
prinz1d,tica,16000,5,9,4,11,0.47298303111614726,14,0.3688581397882647,5,0.8070163515917059,4,0.9437930818171625,4,0.9437930818171625,0.9437930818171625,False,61.53460359573364
prinz1d,vae,500,2,0,4,4,0.7521929110372749,7,0.6195828758534813,1,0.0,6,0.6706382341544868,2,0.3468068132565723,0.7521929110372749,False,87.69771409034729
prinz1d,vae,500,2,1,4,5,0.7875977394033303,10,0.39134085782472505,4,0.8224852425004714,3,0.48780201315981087,2,0.3972225836812211,0.8224852425004714,False,12.382421016693115
prinz1d,vae,500,2,2,4,1,0.0,10,0.5456941364828184,1,0.0,5,0.8591012699446768,2,0.4444604845912433,0.8726232828634415,False,10.06604266166687
prinz1d,vae,500,2,3,4,4,0.860371466618505,7,0.6504279384848474,1,0.0,4,0.860371466618505,2,0.2578864017361333,0.860371466618505,False,10.259761333465576
prinz1d,vae,500,2,4,4,6,0.7243930073010758,10,0.5884982893391092,1,0.0,6,0.7243930073010758,2,0.3916550119889757,0.7580111595713143,False,12.307838678359985
prinz1d,vae,500,2,5,4,6,0.7412585935511395,8,0.6084882624462817,1,0.0,3,0.6354435633722526,2,0.46360304178318723,0.7253663652722742,False,11.355287790298462
prinz1d,vae,500,2,6,4,4,0.8695446852102104,4,0.8695446852102104,1,0.0,3,0.7801449818490775,2,0.25976587439789434,0.8695446852102104,False,11.23719573020935
prinz1d,vae,500,2,7,4,4,0.7906357407900496,10,0.4781382706272643,1,0.0,5,0.7149118598636551,2,0.29730513991152197,0.7906357407900496,False,11.13578200340271
prinz1d,vae,500,2,8,4,5,0.8732171712868194,15,0.3712589583915167,1,0.0,5,0.8732171712868194,2,0.024111271340208785,0.888662293967182,False,11.317252159118652
prinz1d,vae,500,2,9,4,5,0.8603440366909711,11,0.47006183218750375,1,0.0,4,0.877202404581274,2,0.24766992751369707,0.877202404581274,False,10.753931283950806
prinz1d,vae,500,3,0,4,7,0.6076517628505417,15,0.3714470864570963,5,0.7566675270938332,5,0.7566675270938332,2,0.385442027402248,0.5343251811112445,False,11.504923105239868
prinz1d,vae,500,3,1,4,4,0.7889915150151114,13,0.3835409205270894,4,0.7889915150151114,4,0.7889915150151114,2,0.3145084694631216,0.7889915150151114,False,11.58401107788086
prinz1d,vae,500,3,2,4,4,0.840141971530751,12,0.50510615847578,1,0.0,4,0.840141971530751,2,0.2582076517702531,0.840141971530751,False,11.467414379119873
prinz1d,vae,500,3,3,4,5,0.9055681566033646,6,0.884732784430429,5,0.9055681566033646,4,0.9369804392917342,2,0.13278280884070182,0.9369804392917342,False,11.251499891281128
prinz1d,vae,500,3,4,4,4,0.6377320865180035,13,0.43104068155017455,1,0.0,5,0.7045750446360358,2,0.33616907455086276,0.6377320865180035,False,11.13717007637024
prinz1d,vae,500,3,5,4,5,0.8127678568752434,10,0.48432576271170336,5,0.8127678568752434,6,0.7974790686976502,2,0.11459974953597743,0.856767681754003,False,10.963413000106812
prinz1d,vae,500,3,6,4,5,0.7029236225866391,15,0.27960498737445205,4,0.7715299885188647,2,0.44877513986489004,2,0.44877513986489004,0.7715299885188647,False,11.346070051193237
prinz1d,vae,500,3,7,4,6,0.6126079283661628,15,0.4185088620489087,6,0.6126079283661628,10,0.5409703073751573,2,0.2901346391366108,0.7882761753688514,False,10.915525197982788
prinz1d,vae,500,3,8,4,4,0.8290017815503573,14,0.4178535070142017,4,0.8290017815503573,7,0.6333253015442458,2,0.2985090156656223,0.8290017815503573,False,11.102726697921753
prinz1d,vae,500,3,9,4,5,0.8460819730546474,8,0.5655011098687622,1,0.0,4,0.9290867746847915,2,0.4113109929313319,0.9290867746847915,False,10.589477777481079
prinz1d,vae,500,5,0,4,6,0.5533874970017341,15,0.41268335534716194,3,0.49322779564521413,2,0.2235131814884411,2,0.2235131814884411,0.509997624167156,False,12.618813037872314
prinz1d,vae,500,5,1,4,4,0.7757185985439998,11,0.4994730290359083,4,0.7757185985439998,4,0.7757185985439998,2,0.3563065130480531,0.7757185985439998,False,12.013831615447998
prinz1d,vae,500,5,2,4,6,0.6397285622616395,15,0.34784712634628523,5,0.7407430515474032,2,0.49023145623226055,2,0.49023145623226055,0.6822648369225797,False,12.626186609268188
prinz1d,vae,500,5,3,4,4,0.8957402091328368,14,0.3956613806316444,4,0.8957402091328368,4,0.8957402091328368,2,0.39570758340291273,0.8957402091328368,False,11.305629968643188
prinz1d,vae,500,5,4,4,6,0.744242136589876,9,0.5531846627390914,6,0.744242136589876,6,0.744242136589876,2,0.38094856964043283,0.7398458130559746,False,11.43078875541687
prinz1d,vae,500,5,5,4,6,0.6510743428687495,11,0.4823680159594666,5,0.8745911558231564,4,0.8846304288849457,2,0.38581551696112343,0.8846304288849457,False,12.339619636535645
prinz1d,vae,500,5,6,4,6,0.626218682883016,13,0.37553891667633493,7,0.6149793153406646,4,0.8109604905471696,2,0.37579727654223466,0.8109604905471696,False,12.080354452133179
prinz1d,vae,500,5,7,4,7,0.5613038944979294,15,0.33921273671558033,6,0.6322069692063563,3,0.5833753662152653,3,0.5833753662152653,0.7103635384806111,False,12.096045017242432
prinz1d,vae,500,5,8,4,5,0.7849294930015159,11,0.48145247515379463,5,0.7849294930015159,5,0.7849294930015159,2,0.34058511419180615,0.8087004469273293,False,11.016501665115356
prinz1d,vae,500,5,9,4,5,0.744730813968191,15,0.32865532663616903,4,0.884126600932527,2,0.5271458089834636,2,0.5271458089834636,0.884126600932527,False,13.021650075912476
prinz1d,vae,1000,2,0,4,6,0.631377203059386,10,0.4921940238543091,1,0.0,6,0.631377203059386,2,0.2564758614582996,0.929646923582676,False,11.212026834487915
prinz1d,vae,1000,2,1,4,4,0.898858975510801,11,0.49254419304552893,4,0.898858975510801,5,0.8663106598334107,2,0.35142711100567003,0.898858975510801,False,11.246305704116821
prinz1d,vae,1000,2,2,4,6,0.6926061361913616,9,0.5716036984966893,1,0.0,4,0.8819949322728698,2,0.40410025440951064,0.8819949322728698,False,11.31078815460205
prinz1d,vae,1000,2,3,4,7,0.5950135070069444,12,0.39876317242450193,6,0.7417103830661216,4,0.8282857451720599,2,0.27263325412527845,0.8282857451720599,False,10.769804954528809
prinz1d,vae,1000,2,4,4,5,0.8522301682482115,11,0.5210045679673265,5,0.8522301682482115,4,0.930903019151223,2,0.24982143755605257,0.930903019151223,False,11.439386129379272
prinz1d,vae,1000,2,5,4,4,0.8446245898300679,10,0.5045006641401892,1,0.0,7,0.6950684675607084,2,0.35573073571562075,0.8446245898300679,False,11.467273950576782
prinz1d,vae,1000,2,6,4,4,0.884917845970156,8,0.5512546894458418,1,0.0,4,0.884917845970156,2,0.25389424602972593,0.884917845970156,False,11.166110038757324
prinz1d,vae,1000,2,7,4,9,0.5626197443115283,11,0.4706035345684215,1,0.0,4,0.9234637099311864,2,0.3957358915560199,0.9234637099311864,False,11.61281418800354
prinz1d,vae,1000,2,8,4,6,0.6059272873136337,12,0.42808892478673227,1,0.0,3,0.6242899918769352,2,0.2932669790973957,0.6523450118674964,False,9.04823923110962
prinz1d,vae,1000,2,9,4,7,0.7170740848839179,12,0.44776968357509933,1,0.0,4,0.8508798048206297,2,0.4275785371441177,0.8508798048206297,False,12.922226905822754
prinz1d,vae,1000,3,0,4,6,0.5582789518884503,14,0.35198709748204826,6,0.5582789518884503,7,0.5808715138252543,2,0.338030126273218,0.6480052737920962,False,13.393255710601807
prinz1d,vae,1000,3,1,4,8,0.590110421495944,12,0.44961220816606684,4,0.7945381597638232,4,0.7945381597638232,2,0.3778911617458876,0.7945381597638232,False,13.867512702941895
prinz1d,vae,1000,3,2,4,7,0.6378862654024333,12,0.41159162696900925,5,0.8010120737140884,4,0.8516718484279151,2,0.38463858932008355,0.8516718484279151,False,12.42878007888794
prinz1d,vae,1000,3,3,4,9,0.49794286481075123,13,0.38869619905040287,4,0.6500356290363014,3,0.609908892007691,3,0.609908892007691,0.6500356290363014,False,11.89367938041687
prinz1d,vae,1000,3,4,4,6,0.6348651313285413,11,0.49385530262259514,5,0.6487461084472697,4,0.9195566566424013,2,0.3372514602951938,0.9195566566424013,False,12.59080457687378
prinz1d,vae,1000,3,5,4,7,0.6956781464164734,11,0.4523937827425259,6,0.7216517161703123,5,0.7677303211092297,2,0.38176788059675276,0.7409521931722057,False,12.228209733963013
prinz1d,vae,1000,3,6,4,7,0.5904913693169189,15,0.3390115087069605,5,0.6965658845979368,4,0.7818201437161804,2,0.22615388007484974,0.7818201437161804,False,12.187621355056763
prinz1d,vae,1000,3,7,4,5,0.8411616237998985,10,0.5374655052007666,4,0.853325586878189,4,0.853325586878189,2,0.36719720557507707,0.853325586878189,False,12.067796468734741
prinz1d,vae,1000,3,8,4,6,0.622848817081606,12,0.44824180867584784,5,0.6419388959724721,4,0.8410206108107819,2,0.36963817125756465,0.8410206108107819,False,10.453338861465454
prinz1d,vae,1000,3,9,4,7,0.6787952977771566,14,0.42316131735380075,5,0.836142716621606,4,0.8328990582663699,2,0.4181711730287363,0.8328990582663699,False,12.422590732574463
prinz1d,vae,1000,5,0,4,8,0.5747041611670508,15,0.3308531751329781,8,0.5747041611670508,2,0.4223592083893767,2,0.4223592083893767,0.8454738084317227,False,13.969069719314575
prinz1d,vae,1000,5,1,4,10,0.4459733989678832,15,0.3530993648003968,9,0.4865991286134386,3,0.5681388238504571,3,0.5681388238504571,0.5857853076660292,False,13.410434007644653
prinz1d,vae,1000,5,2,4,5,0.6835221169507869,13,0.41791428250180856,6,0.6904461244307307,6,0.6904461244307307,2,0.36093945760289564,0.7019190968471329,False,11.220852851867676
prinz1d,vae,1000,5,3,4,5,0.7462550032248275,13,0.3904652194555817,5,0.7462550032248275,4,0.7675996623492367,2,0.3029570470358431,0.7675996623492367,False,13.821065187454224
prinz1d,vae,1000,5,4,4,9,0.4862950354579048,15,0.3497205395951074,6,0.7233901378173564,3,0.7277912043169064,3,0.7277912043169064,0.8795927791172189,False,13.498854160308838
prinz1d,vae,1000,5,5,4,7,0.6378669026724412,15,0.3416990764831921,9,0.5250244973231623,3,0.5852210060958277,2,0.4706187223306928,0.9037742246099437,False,13.095961093902588
prinz1d,vae,1000,5,6,4,7,0.6196827050155731,14,0.33943166799307395,7,0.6196827050155731,3,0.7909631726381542,2,0.2516572280339409,0.7706635644428994,False,12.904097557067871
prinz1d,vae,1000,5,7,4,6,0.7771631693391379,15,0.39122760599341266,5,0.8628891978872486,4,0.8899140108808683,2,0.43883981721814774,0.8899140108808683,False,10.722236156463623
prinz1d,vae,1000,5,8,4,7,0.5926204263039292,15,0.37776975965500176,5,0.7103146135887661,5,0.7103146135887661,2,0.24036305167097127,0.7569786899370085,False,13.090655088424683
prinz1d,vae,1000,5,9,4,8,0.5870752113944352,15,0.4659736796413763,7,0.7166690829445238,4,0.8252647831742879,2,0.3594262412748619,0.8252647831742879,False,12.898068904876709
prinz1d,vae,2000,2,0,4,6,0.6594740870703417,10,0.523133331457299,1,0.0,6,0.6594740870703417,2,0.35560032566394384,0.7791869110003078,False,12.555338382720947
prinz1d,vae,2000,2,1,4,8,0.5945183621097497,12,0.4460544073210277,6,0.8081496613608087,4,0.8222390547701312,2,0.42766110178948885,0.8222390547701312,False,12.794749736785889
prinz1d,vae,2000,2,2,4,7,0.6239869775141745,15,0.3851046161151578,1,0.0,6,0.7624079027533603,2,0.45684325894846406,0.9099541815186825,False,12.277711629867554
prinz1d,vae,2000,2,3,4,4,0.7845962192534364,13,0.37913616515305926,4,0.7845962192534364,8,0.627828893629765,2,0.417267324845331,0.7845962192534364,False,13.13241958618164
prinz1d,vae,2000,2,4,4,8,0.5956373713239002,15,0.3601894241083135,7,0.6567953214060799,4,0.8391408501461128,2,0.3323776915791099,0.8391408501461128,False,13.553711175918579
prinz1d,vae,2000,2,5,4,9,0.541121889866084,15,0.41216971764581284,1,0.0,4,0.8961855092634954,2,0.34355215252921584,0.8961855092634954,False,12.711481094360352
prinz1d,vae,2000,2,6,4,4,0.8583353456835313,9,0.46746622862839715,1,0.0,3,0.8207245098118333,2,0.2918143950071192,0.8583353456835313,False,11.816932439804077
prinz1d,vae,2000,2,7,4,8,0.5702253681306181,13,0.4118394900973922,1,0.0,6,0.7566256237130059,2,0.36940112152175725,0.8414430543166507,False,15.083842754364014
prinz1d,vae,2000,2,8,4,4,0.8906768443225105,7,0.6226022702076938,4,0.8906768443225105,2,0.3912992753673771,2,0.3912992753673771,0.8906768443225105,False,14.454533576965332
prinz1d,vae,2000,2,9,4,9,0.6069502026916698,9,0.6069502026916698,1,0.0,4,0.9425576643340381,2,0.4004097988225214,0.9425576643340381,False,15.579830169677734
prinz1d,vae,2000,3,0,4,10,0.4971546205534935,15,0.38026414405944425,9,0.5919577946523551,4,0.9239560917604027,4,0.9239560917604027,0.9239560917604027,False,12.243393898010254
prinz1d,vae,2000,3,1,4,9,0.5161768959607099,11,0.4684836101008823,4,0.8725903926494499,4,0.8725903926494499,2,0.36556452958652885,0.8725903926494499,False,11.466727018356323
prinz1d,vae,2000,3,2,4,10,0.5150282840661041,15,0.3752569706228689,5,0.7568351205661102,4,0.8726938714234425,2,0.4242848254363363,0.8726938714234425,False,11.787132978439331
prinz1d,vae,2000,3,3,4,8,0.6107601394200249,12,0.43263597863569414,6,0.8120642353958769,6,0.8120642353958769,2,0.3826408012986621,0.7502621994312277,False,11.784916639328003
prinz1d,vae,2000,3,4,4,7,0.6168074998873623,15,0.3569079202163136,6,0.7627584100579715,5,0.7949819297640445,2,0.4195378589682381,0.79694525012631,False,12.023143529891968
prinz1d,vae,2000,3,5,4,8,0.6285790511004309,13,0.41288743019160407,5,0.8440743775585745,4,0.8777546798983716,2,0.38443144025803544,0.8777546798983716,False,10.701903104782104
prinz1d,vae,2000,3,6,4,10,0.5563448280414726,14,0.35835617978823814,7,0.6978985709478851,4,0.8214735195882246,4,0.8214735195882246,0.8214735195882246,False,11.843485593795776
prinz1d,vae,2000,3,7,4,10,0.4082148740140714,15,0.3189995667606469,6,0.6544908438754381,2,0.35938791937492914,3,0.43646699938089384,0.5373447076289466,False,14.110421180725098
prinz1d,vae,2000,3,8,4,8,0.6229017593272888,11,0.4919092828366104,1,0.0,6,0.8110462287145157,2,0.39263352667467705,0.8623576743145376,False,11.800184726715088
prinz1d,vae,2000,3,9,4,8,0.5948517924986858,14,0.45027689865433956,5,0.8846635736145216,4,0.9038214121334245,2,0.310485576019932,0.9038214121334245,False,15.6781644821167
prinz1d,vae,2000,5,0,4,14,0.3485579912232733,15,0.32635621865804304,10,0.49545542418172056,4,0.8636310673488807,4,0.8636310673488807,0.8636310673488807,False,18.07431149482727
prinz1d,vae,2000,5,1,4,11,0.4542059470925301,13,0.3942526755473142,9,0.5179096801290353,5,0.7143395482121571,3,0.47120433417905894,0.5571874868814531,False,16.64860200881958
prinz1d,vae,2000,5,2,4,9,0.4840273689691921,15,0.37046112472697734,7,0.6260963531784691,2,0.39831896946562695,2,0.39831896946562695,0.7335706906097809,False,15.205042600631714
prinz1d,vae,2000,5,3,4,7,0.631798405242226,15,0.3949490272595977,7,0.631798405242226,4,0.899391736524052,2,0.2797906784258465,0.899391736524052,False,15.15638279914856
prinz1d,vae,2000,5,4,4,10,0.487022324594704,15,0.34161879619117186,9,0.5413509700571293,5,0.7535144797106068,3,0.48736145685087234,0.6043579895134312,False,12.330777168273926
prinz1d,vae,2000,5,5,4,9,0.5410108524682585,14,0.4224784653619969,7,0.663171711976531,5,0.8435371637706243,2,0.3206175131497703,0.8543330912021918,False,12.59431505203247
prinz1d,vae,2000,5,6,4,9,0.4778033513998891,15,0.3085063568173599,7,0.5828763174181756,4,0.8829674129794644,2,0.20334385286309795,0.8829674129794644,False,14.560096979141235
prinz1d,vae,2000,5,7,4,11,0.48576111935480354,15,0.44718657250312427,11,0.48576111935480354,3,0.6123099986381408,2,0.4884282846582768,0.8878039994271201,False,16.748115062713623
prinz1d,vae,2000,5,8,4,8,0.6228680845461385,15,0.34954041600431096,8,0.6228680845461385,4,0.8752916421377208,2,0.27151296183404844,0.8752916421377208,False,12.805252075195312
prinz1d,vae,2000,5,9,4,8,0.5774768274210056,13,0.4429246842330246,7,0.7220936969306705,4,0.9214338485309939,2,0.4106445596180187,0.9214338485309939,False,17.174314975738525
prinz1d,vae,4000,2,0,4,9,0.5485647310744991,12,0.4261269859116543,1,0.0,7,0.6064795898683067,2,0.26858893104169296,0.8449297946782878,False,17.389421224594116
prinz1d,vae,4000,2,1,4,10,0.5204051442889273,15,0.3944140821525781,1,0.0,2,0.489957158367274,2,0.489957158367274,0.8115818424289168,False,15.007430791854858
prinz1d,vae,4000,2,2,4,9,0.5635818892127081,15,0.37274624379553345,5,0.8143308240965913,5,0.8143308240965913,2,0.2716958096725438,0.8731015046496016,False,14.141238927841187
prinz1d,vae,4000,2,3,4,10,0.5273121749064281,15,0.36260184855550764,6,0.7588319407193876,5,0.7614509264015388,2,0.3457116491200114,0.8839678784719596,False,16.776097774505615
prinz1d,vae,4000,2,4,4,10,0.47079656709068607,12,0.4210269872363781,1,0.0,4,0.9191414011975146,2,0.4092033242684631,0.9191414011975146,False,17.246591329574585
prinz1d,vae,4000,2,5,4,11,0.5418839087345209,15,0.4655110523152183,6,0.6796188557860504,3,0.6387552001081179,2,0.4955348264988542,0.8066314722229108,False,15.622509241104126
prinz1d,vae,4000,2,6,4,8,0.5282857549820965,15,0.31439907090984937,6,0.7307696193312522,3,0.826497746487552,2,0.2636794832957794,0.8428192460208354,False,14.757515907287598
prinz1d,vae,4000,2,7,4,8,0.612122926521395,15,0.37950051254309036,4,0.7743339220544357,5,0.7871687646274173,2,0.32497388467641214,0.7743339220544357,False,18.957639455795288
prinz1d,vae,4000,2,8,4,7,0.780438085130489,14,0.37444743157769855,1,0.0,4,0.9151795525600818,2,0.4281803216920854,0.9151795525600818,False,14.38607144355774
prinz1d,vae,4000,2,9,4,6,0.8098663592257268,12,0.45874238998039363,1,0.0,4,0.9281402263657279,2,0.4228172786054442,0.9281402263657279,False,17.507439374923706
prinz1d,vae,4000,3,0,4,10,0.48760420445787156,14,0.36081903483419625,7,0.6330834061882044,7,0.6330834061882044,2,0.16706522649638408,0.8363958639078841,False,13.536898612976074
prinz1d,vae,4000,3,1,4,10,0.5158420480646396,15,0.3805429548949827,8,0.5777091865671588,5,0.8083163182202763,2,0.4134442277883359,0.8321034427805146,False,15.85408067703247
prinz1d,vae,4000,3,2,4,10,0.5231377510829394,15,0.3855157300276664,7,0.6296319796091772,4,0.8011017113495736,2,0.36001101350411524,0.8011017113495736,False,15.597627639770508
prinz1d,vae,4000,3,3,4,10,0.5360563701011296,13,0.4252723266268954,5,0.7269162183502765,4,0.7623759689855953,2,0.06200863408211245,0.7623759689855953,False,15.79067087173462
prinz1d,vae,4000,3,4,4,10,0.5221957959407242,15,0.38754290522240936,9,0.5847412319891475,5,0.7654097557513673,2,0.3624090995240404,0.8360387811554818,False,15.64918041229248
prinz1d,vae,4000,3,5,4,7,0.6791255924761224,15,0.35903340486361,4,0.8961449089295321,5,0.8320119872838014,2,0.2562380096349349,0.8961449089295321,False,17.39383316040039
prinz1d,vae,4000,3,6,4,10,0.45249243187708227,15,0.32409326405962624,7,0.5850088193403815,3,0.7821618534518083,2,0.28075615489451533,0.7693408212149043,False,16.78819727897644
prinz1d,vae,4000,3,7,4,13,0.3916961353001488,14,0.3736713545907107,9,0.5696025994833006,3,0.5076399856405434,3,0.5076399856405434,0.6036259567246384,False,17.603719234466553
prinz1d,vae,4000,3,8,4,9,0.5710169130661001,15,0.36011857824930826,6,0.6795072852430267,4,0.8554048534198551,2,0.355766719091954,0.8554048534198551,False,12.27062726020813
prinz1d,vae,4000,3,9,4,11,0.4983652892625794,15,0.3631665663185914,6,0.8098673637588659,4,0.8427521755438423,2,0.12850941198968138,0.8427521755438423,False,16.98201632499695
prinz1d,vae,4000,5,0,4,10,0.45456433957015807,14,0.35528328670771375,7,0.615162998526134,4,0.8385161649779342,2,0.34716441073225845,0.8385161649779342,False,20.608418941497803
prinz1d,vae,4000,5,1,4,9,0.5480038222529545,14,0.39452449166085524,7,0.6939568332542609,4,0.887279488179632,2,0.17640163047826504,0.887279488179632,False,22.132900714874268
prinz1d,vae,4000,5,2,4,10,0.49057072384170747,15,0.3678569789091369,8,0.584485207862578,4,0.8028207756967806,2,0.3203110903097237,0.8028207756967806,False,15.277141094207764
prinz1d,vae,4000,5,3,4,8,0.54731918384108,14,0.36413458945015553,7,0.6150873326878145,7,0.6150873326878145,2,0.30153307741339774,0.6314583775803733,False,15.936703205108643
prinz1d,vae,4000,5,4,4,15,0.3465705999778245,15,0.3465705999778245,11,0.4615838600543882,3,0.6874711043336725,3,0.6874711043336725,0.7036775183647332,False,19.981518507003784
prinz1d,vae,4000,5,5,4,10,0.5053185776230772,15,0.37241168473608016,7,0.6436635595310138,4,0.7458138748475174,2,0.3824243477337548,0.7458138748475174,False,15.86138367652893
prinz1d,vae,4000,5,6,4,11,0.39495946346626454,14,0.33494257499763597,8,0.5372090581778165,4,0.7385562707463466,2,0.29208822214505625,0.7385562707463466,False,16.202474117279053
prinz1d,vae,4000,5,7,4,11,0.4575548461585087,15,0.39250664284657777,8,0.6120392692780765,4,0.8907099714943985,2,0.30337337198168174,0.8907099714943985,False,20.64309859275818
prinz1d,vae,4000,5,8,4,9,0.5246786421053006,15,0.3454511539821102,7,0.5805886921982774,4,0.8186420842922004,2,0.408462840996463,0.8186420842922004,False,16.14817523956299
prinz1d,vae,4000,5,9,4,12,0.4910788660739632,15,0.382245078591164,9,0.5580697391171888,4,0.8644770635522057,2,0.3738369519494857,0.8644770635522057,False,16.98498296737671
prinz1d,vae,8000,2,0,4,11,0.4335484495414706,15,0.3426001450279851,5,0.7343243042090447,7,0.6060447477724097,2,0.3368577341771146,0.8050867681641275,False,25.498153686523438
prinz1d,vae,8000,2,1,4,13,0.42036575866376,15,0.3838038171769397,1,0.0,5,0.8134362717805275,2,0.3966387047234472,0.8876874395210976,False,22.997506141662598
prinz1d,vae,8000,2,2,4,11,0.47996656951811156,15,0.40730536535156164,5,0.8059509852458948,4,0.9338165736487595,2,0.40072872996067754,0.9338165736487595,False,21.967915534973145
prinz1d,vae,8000,2,3,4,10,0.5421126529689883,15,0.3580536239043126,4,0.863099305753668,5,0.797308723932834,2,0.2616942410310911,0.863099305753668,False,20.372271299362183
prinz1d,vae,8000,2,4,4,12,0.45141390075804616,15,0.3713136706613291,5,0.8050895272102068,5,0.8050895272102068,2,0.36298117457023693,0.7642248927254051,False,22.135475873947144
prinz1d,vae,8000,2,5,4,13,0.43134770856445215,15,0.3917248718517257,4,0.9249310402653736,4,0.9249310402653736,2,0.30064106872977703,0.9249310402653736,False,21.81346845626831
prinz1d,vae,8000,2,6,4,11,0.41067492624294516,14,0.3321556733038319,5,0.7742439799605702,3,0.7843066829624996,2,0.25116212712075703,0.7918959101873443,False,21.02485990524292
prinz1d,vae,8000,2,7,4,12,0.43347643206288206,14,0.3976264742839781,1,0.0,2,0.45586161953193993,2,0.45586161953193993,0.7925718665291125,False,22.612929821014404
prinz1d,vae,8000,2,8,4,13,0.42402875886061075,15,0.3645204395202435,7,0.6694325284342737,5,0.9092505472030499,2,0.24122884566083927,0.9174782252192285,False,21.29742193222046
prinz1d,vae,8000,2,9,4,11,0.4930846931403109,14,0.4234780558798103,4,0.8648721920969898,5,0.8522458108279627,2,0.4469103237183498,0.8648721920969898,False,22.535382747650146
prinz1d,vae,8000,3,0,4,12,0.42014333949311133,14,0.3935661204288051,6,0.6400351690757824,4,0.835938546165604,2,0.3440687469962807,0.835938546165604,False,20.927553415298462
prinz1d,vae,8000,3,1,4,10,0.5255180154286988,15,0.3555403330666378,5,0.8081374229672244,5,0.8081374229672244,2,0.4205929739228229,0.8071651452403953,False,21.821380615234375
prinz1d,vae,8000,3,2,4,11,0.45910795716245606,14,0.4265244950442914,5,0.8362438317516023,4,0.8476061534920308,2,0.4270190920317794,0.8476061534920308,False,20.316433429718018
prinz1d,vae,8000,3,3,4,10,0.5106008763993978,15,0.3858599903008749,6,0.66898485338896,4,0.8667860217963245,2,0.34364181908928076,0.8667860217963245,False,22.29093098640442
prinz1d,vae,8000,3,4,4,13,0.4083981164933373,15,0.3806136645502453,7,0.6660537186010773,4,0.894427536194721,2,0.42356664031570757,0.894427536194721,False,20.847519397735596
prinz1d,vae,8000,3,5,4,10,0.5806946734694343,15,0.40925490775509726,6,0.7857615697121388,6,0.7857615697121388,2,0.4032533142320384,0.8537557091582183,False,21.233546018600464
prinz1d,vae,8000,3,6,4,10,0.453872482695938,15,0.3316579565138644,5,0.8047711151597325,3,0.7946431823582926,2,0.25307463412228265,0.8849751413672653,False,21.517788648605347
prinz1d,vae,8000,3,7,4,10,0.5147764412316823,15,0.37299233573327073,7,0.6142908317573322,4,0.8042262551217326,2,0.4041956134607073,0.8042262551217326,False,20.99022150039673
prinz1d,vae,8000,3,8,4,9,0.5545667335398554,14,0.4086157653110312,6,0.6997048751285118,7,0.6389769842432954,2,0.18626889747641498,0.8224127868147367,False,22.23811984062195
prinz1d,vae,8000,3,9,4,11,0.5034160484569347,15,0.3706298626497145,6,0.8204829609101779,4,0.9140551218175113,2,0.4348751519651359,0.9140551218175113,False,20.805447578430176
prinz1d,vae,8000,5,0,4,13,0.35791496074934814,15,0.3408262068573821,6,0.7948822254651363,4,0.8243349772513664,2,0.4003825119668958,0.8243349772513664,False,22.27358865737915
prinz1d,vae,8000,5,1,4,11,0.46055028745149246,15,0.37135537632718496,9,0.5414946273690527,4,0.9186814117275164,2,0.42207145623172937,0.9186814117275164,False,21.474353313446045
prinz1d,vae,8000,5,2,4,15,0.36177149797838226,15,0.36177149797838226,9,0.5331052427082569,2,0.3711931459525485,2,0.3711931459525485,0.693033387937317,False,22.238312244415283
prinz1d,vae,8000,5,3,4,12,0.4133475769031909,15,0.35420009804557484,8,0.6329632643165362,4,0.894622350617823,2,0.3394792480708974,0.894622350617823,False,22.028221130371094
prinz1d,vae,8000,5,4,4,15,0.3304585910043236,15,0.3304585910043236,13,0.359956564672571,3,0.6894625848316748,3,0.6894625848316748,0.7932163180236999,False,24.160794734954834
prinz1d,vae,8000,5,5,4,13,0.4274796934824716,15,0.37315100985617994,7,0.644475501807173,5,0.8077906760291561,2,0.43897734789718873,0.7608778292790447,False,22.791051387786865
prinz1d,vae,8000,5,6,4,11,0.42613063075019475,15,0.3127565172662681,7,0.6084459760671728,4,0.8669417930630888,2,0.24514958425979216,0.8669417930630888,False,22.770429372787476
prinz1d,vae,8000,5,7,4,15,0.3814774679822462,15,0.3814774679822462,10,0.5247177095141922,5,0.8004000909688861,2,0.28840682807282086,0.8446435367843799,False,21.97433090209961
prinz1d,vae,8000,5,8,4,12,0.40509805348151967,15,0.34912466382249063,7,0.6129860225728702,5,0.724728318925864,2,0.36745534016095904,0.779829010166283,False,23.206372022628784
prinz1d,vae,8000,5,9,4,13,0.413773143521527,15,0.37567695779957444,10,0.5265793048102065,4,0.8998503362990102,2,0.3854371327609901,0.8998503362990102,False,21.613565921783447
prinz1d,vae,16000,2,0,4,12,0.4264084587175562,15,0.349062547479217,7,0.5863642105831827,5,0.8118343858543918,2,0.3770345132085744,0.6729150572126862,False,53.45160531997681
prinz1d,vae,16000,2,1,4,11,0.47569680506872175,14,0.4168488024044999,1,0.0,5,0.8315199934002124,2,0.4557298454541176,0.89316976351091,False,45.964123487472534
prinz1d,vae,16000,2,2,4,9,0.5947286457904443,15,0.41171552642898085,1,0.0,4,0.8740711377527868,2,0.37067166559803577,0.8740711377527868,False,45.173567056655884
prinz1d,vae,16000,2,3,4,9,0.5944892657971456,15,0.3583108508864668,1,0.0,4,0.938117320136855,2,0.3163537807983403,0.938117320136855,False,46.481001138687134
prinz1d,vae,16000,2,4,4,13,0.39895508052174283,15,0.3660828096226929,1,0.0,4,0.8382316942867192,2,0.3975524657437324,0.8382316942867192,False,45.50073504447937
prinz1d,vae,16000,2,5,4,13,0.444283419005899,15,0.4072482520510272,1,0.0,2,0.45644843411420943,2,0.45644843411420943,0.7579721728001332,False,44.73807954788208
prinz1d,vae,16000,2,6,4,11,0.4326147816752147,14,0.3620999847844969,1,0.0,4,0.8570981772789427,2,0.2639294801023176,0.8570981772789427,False,44.945154428482056
prinz1d,vae,16000,2,7,4,15,0.3931389710481836,15,0.3931389710481836,5,0.6304186756346919,3,0.600035141629971,2,0.388972772514113,0.7014648095700731,False,46.984018087387085
prinz1d,vae,16000,2,8,4,15,0.3699706855364536,15,0.3699706855364536,1,0.0,6,0.7544550982994833,2,0.3751339191867995,0.8051503157438408,False,43.86039686203003
prinz1d,vae,16000,2,9,4,13,0.44143319101380185,15,0.40086935932000256,7,0.6995985371880701,2,0.46440707866376657,2,0.46440707866376657,0.7444405153204152,False,46.56437039375305
prinz1d,vae,16000,3,0,4,13,0.402761626476674,15,0.3601058832729577,8,0.5604619013970092,4,0.8545940784224223,2,0.38054462681961937,0.8545940784224223,False,47.250598430633545
prinz1d,vae,16000,3,1,4,14,0.4091979315127367,15,0.37675484322295144,4,0.8611976684731191,4,0.8611976684731191,2,0.35975009056796026,0.8611976684731191,False,46.71145176887512
prinz1d,vae,16000,3,2,4,15,0.34916997542016576,15,0.34916997542016576,5,0.8063953399272896,4,0.9247272149805118,2,0.4437155332703738,0.9247272149805118,False,46.28219747543335
prinz1d,vae,16000,3,3,4,15,0.33848510732510995,15,0.33848510732510995,7,0.5763221474157263,5,0.7150470529142469,3,0.4329223901742941,0.5986776193763003,False,49.72313714027405
prinz1d,vae,16000,3,4,4,13,0.4185770444336422,15,0.39280186907222614,5,0.7814535123625427,5,0.7814535123625427,2,0.43814367420620937,0.797597170581643,False,47.622740745544434
prinz1d,vae,16000,3,5,4,15,0.41784701631579735,15,0.41784701631579735,10,0.5601047594048372,3,0.6363790722143999,3,0.6363790722143999,0.8879409334006241,False,53.12023687362671
prinz1d,vae,16000,3,6,4,15,0.28676454228666187,15,0.28676454228666187,5,0.6712127942479853,3,0.6390101529053362,3,0.6390101529053362,0.5803177922440983,False,50.24797177314758
prinz1d,vae,16000,3,7,4,13,0.42066808691000457,15,0.3814324622298667,9,0.5813465254929986,4,0.8116715888642985,2,0.17199131794033182,0.8116715888642985,False,45.09640407562256
prinz1d,vae,16000,3,8,4,13,0.4106903840268636,15,0.36236438120383724,5,0.760683194215849,4,0.8710316889546008,2,0.2723603255919066,0.8710316889546008,False,44.21660399436951
prinz1d,vae,16000,3,9,4,11,0.48629065159388174,15,0.39692015404933495,8,0.5913612448952448,4,0.8150601438550272,2,0.27714207100958343,0.8150601438550272,False,46.90398859977722
prinz1d,vae,16000,5,0,4,14,0.34443348980744565,15,0.3219325692549089,7,0.6124126919238638,4,0.8546645696680543,2,0.40001750637661554,0.8546645696680543,False,49.23471975326538
prinz1d,vae,16000,5,1,4,14,0.41228854103274515,15,0.3758875530014157,7,0.6185451102802096,4,0.8689001985104945,2,0.4320157737479263,0.8689001985104945,False,48.31451916694641
prinz1d,vae,16000,5,2,4,14,0.4132803691661971,15,0.399282916038237,10,0.5137984781531113,5,0.7961844760958008,2,0.4600708600860637,0.6887869218256573,False,49.132500886917114
prinz1d,vae,16000,5,3,4,15,0.3519535379096514,15,0.3519535379096514,8,0.5517183103225055,4,0.9332671822551418,2,0.433832048652241,0.9332671822551418,False,48.8488974571228
prinz1d,vae,16000,5,4,4,15,0.33182274015721674,15,0.33182274015721674,14,0.3564835256471497,2,0.35765502587656456,3,0.454044422921174,0.5601911248171012,False,55.74083399772644
prinz1d,vae,16000,5,5,4,15,0.3604006194295674,15,0.3604006194295674,8,0.550869130383563,2,0.39513817244034466,2,0.39513817244034466,0.7418889407266073,False,49.8702187538147
prinz1d,vae,16000,5,6,4,15,0.34357552493407906,15,0.34357552493407906,9,0.5189234506200063,6,0.5909170241467296,2,0.279821939801969,0.6670094689055491,False,50.97935461997986
prinz1d,vae,16000,5,7,4,15,0.3821730068457091,15,0.3821730068457091,10,0.5097763933447527,6,0.7712169607479089,2,0.43585419666997616,0.76813373480088,False,48.731257915496826
prinz1d,vae,16000,5,8,4,14,0.3708225926532032,15,0.36800104322784327,7,0.603803467575689,5,0.7134372193873837,2,0.3594331988811779,0.7682281712852368,False,47.981215715408325
prinz1d,vae,16000,5,9,4,15,0.3788616895527301,15,0.3788616895527301,9,0.5475823396332112,4,0.8622448439093213,2,0.3358741237854562,0.8622448439093213,False,48.21689701080322
