potential,n_frames,lag,seed,n_usable_pairs,k_true,k_bic,ari_bic,ari_oracle_k,degenerate_embedding,runtime_s
prinz1d,500,5,0,495,4,1,0.0,0.04488397127790078,False,4.463131904602051
prinz1d,500,5,1,495,4,1,0.0,0.0635737492567067,False,3.7889463901519775
prinz1d,500,5,2,495,4,1,0.0,0.15493077324074445,False,3.9305546283721924
prinz1d,500,5,3,495,4,1,0.0,0.08335873421718792,False,4.014733791351318
prinz1d,500,5,4,495,4,1,0.0,0.026456922780057294,False,3.8566722869873047
prinz1d,500,5,5,495,4,1,0.0,0.22561252140950136,False,3.608867645263672
prinz1d,500,5,6,495,4,1,0.0,0.0397031634211397,False,3.6746182441711426
prinz1d,500,5,7,495,4,1,0.0,0.1548130162620439,False,3.6466212272644043
prinz1d,500,5,8,495,4,1,0.0,0.08411064694092364,False,3.681840419769287
prinz1d,500,5,9,495,4,1,0.0,0.09970040106178918,False,3.6426281929016113
prinz1d,500,10,0,490,4,1,0.0,0.005123380632288326,False,1.0656588077545166
prinz1d,500,10,1,490,4,1,0.0,0.01266846113611049,False,1.1323895454406738
prinz1d,500,10,2,490,4,1,0.0,0.021137554438480047,False,1.2028617858886719
prinz1d,500,10,3,490,4,1,0.0,0.030054141753850547,False,1.0267271995544434
prinz1d,500,10,4,490,4,1,0.0,0.004810185002390419,False,1.102912425994873
prinz1d,500,10,5,490,4,1,0.0,0.026893187472481563,False,1.0965392589569092
prinz1d,500,10,6,490,4,1,0.0,0.017876534107494957,False,1.22017502784729
prinz1d,500,10,7,490,4,1,0.0,0.021689264443470507,False,1.1708307266235352
prinz1d,500,10,8,490,4,1,0.0,0.11140736509234558,False,1.0937755107879639
prinz1d,500,10,9,490,4,1,0.0,0.0639847701711171,False,1.6100256443023682
prinz1d,500,20,0,480,4,1,0.0,0.035447431461444766,False,1.2577452659606934
prinz1d,500,20,1,480,4,1,0.0,0.056581575917845045,False,1.189800500869751
prinz1d,500,20,2,480,4,1,0.0,0.0239361840098968,False,1.6328577995300293
prinz1d,500,20,3,480,4,1,0.0,0.012883932644391841,False,1.5163922309875488
prinz1d,500,20,4,480,4,1,0.0,0.063347879282724,False,1.8184497356414795
prinz1d,500,20,5,480,4,1,0.0,0.05864296830229881,False,1.4986779689788818
prinz1d,500,20,6,480,4,1,0.0,0.02074639371774795,False,1.2552354335784912
prinz1d,500,20,7,480,4,1,0.0,0.007326750498029318,False,1.098069429397583
prinz1d,500,20,8,480,4,1,0.0,0.01383163452662482,False,1.0969598293304443
prinz1d,500,20,9,480,4,1,0.0,0.01580994500930539,False,1.3167619705200195
prinz1d,500,50,0,450,4,1,0.0,0.037151516821836206,False,1.1237328052520752
prinz1d,500,50,1,450,4,1,0.0,0.009923585995949082,False,1.0249693393707275
prinz1d,500,50,2,450,4,1,0.0,0.060377674616411275,False,1.109278678894043
prinz1d,500,50,3,450,4,1,0.0,0.04335739028235161,False,1.1784586906433105
prinz1d,500,50,4,450,4,1,0.0,0.07310542773025461,False,1.1328074932098389
prinz1d,500,50,5,450,4,1,0.0,0.036791732416831056,False,1.1000893115997314
prinz1d,500,50,6,450,4,1,0.0,0.09105802157008655,False,1.1256608963012695
prinz1d,500,50,7,450,4,1,0.0,0.009391734956293337,False,1.1633250713348389
prinz1d,500,50,8,450,4,1,0.0,0.019631640127306234,False,1.1263606548309326
prinz1d,500,50,9,450,4,1,0.0,0.1017570072842633,False,1.0513503551483154
prinz1d,500,100,0,400,4,1,0.0,0.02661880753900659,False,1.1480886936187744
prinz1d,500,100,1,400,4,1,0.0,0.037959105025082464,False,1.1254379749298096
prinz1d,500,100,2,400,4,1,0.0,0.02775368550516872,False,1.051419973373413
prinz1d,500,100,3,400,4,1,0.0,0.031038340709208006,False,1.2913239002227783
prinz1d,500,100,4,400,4,1,0.0,0.03649710515005535,False,1.2314732074737549
prinz1d,500,100,5,400,4,1,0.0,0.044393075388058936,False,1.1103477478027344
prinz1d,500,100,6,400,4,1,0.0,0.018840331170665386,False,1.1000888347625732
prinz1d,500,100,7,400,4,1,0.0,0.0534065295262211,False,1.0325510501861572
prinz1d,500,100,8,400,4,1,0.0,0.012532490788531293,False,1.0887548923492432
prinz1d,500,100,9,400,4,1,0.0,0.025659119468894518,False,1.1314148902893066
prinz1d,1000,5,0,995,4,2,0.44676662733936795,0.32045992837426196,False,1.5109167098999023
prinz1d,1000,5,1,995,4,2,0.4892003119106266,0.3551200352719031,False,1.4847030639648438
prinz1d,1000,5,2,995,4,2,0.47389448387707406,0.3189257260345882,False,1.4804320335388184
prinz1d,1000,5,3,995,4,2,0.4661005042126438,0.39121706598319095,False,1.9573218822479248
prinz1d,1000,5,4,995,4,2,0.474856309324906,0.35200825913533007,False,1.5338187217712402
prinz1d,1000,5,5,995,4,2,0.4893367611010448,0.4446394302858922,False,1.6244235038757324
prinz1d,1000,5,6,995,4,2,0.464191339629762,0.2769155730249763,False,1.5977716445922852
prinz1d,1000,5,7,995,4,2,0.4665833885861955,0.38510530861552383,False,1.4959862232208252
prinz1d,1000,5,8,995,4,2,0.4532699947338143,0.30785540446551074,False,1.547121524810791
prinz1d,1000,5,9,995,4,2,0.5048916600425892,0.33779557764043366,False,1.5008633136749268
prinz1d,1000,10,0,990,4,1,0.0,0.08999357621825313,False,1.622206687927246
prinz1d,1000,10,1,990,4,2,0.2975853659438309,0.1862279855072021,False,1.583690881729126
prinz1d,1000,10,2,990,4,1,0.0,0.12313366277861748,False,1.5390987396240234
prinz1d,1000,10,3,990,4,2,0.33727098864466537,0.2335738961443618,False,1.5578787326812744
prinz1d,1000,10,4,990,4,1,0.0,0.052131439032515076,False,1.6278135776519775
prinz1d,1000,10,5,990,4,2,0.42350025397936103,0.30195950508446895,False,1.6155753135681152
prinz1d,1000,10,6,990,4,1,0.0,0.13721945999958626,False,1.5918121337890625
prinz1d,1000,10,7,990,4,2,0.32372768570205623,0.22630067393139425,False,1.5716173648834229
prinz1d,1000,10,8,990,4,1,0.0,0.11239348559953512,False,1.4572818279266357
prinz1d,1000,10,9,990,4,1,0.0,0.13686159148314922,False,1.689795970916748
prinz1d,1000,20,0,980,4,1,0.0,0.02929678189751492,False,1.8101720809936523
prinz1d,1000,20,1,980,4,1,0.0,0.015303111765820863,False,1.8288447856903076
prinz1d,1000,20,2,980,4,1,0.0,0.05182722158217485,False,1.8506832122802734
prinz1d,1000,20,3,980,4,1,0.0,0.041046512065809275,False,2.3002145290374756
prinz1d,1000,20,4,980,4,1,0.0,0.03331683348251338,False,1.6705656051635742
prinz1d,1000,20,5,980,4,1,0.0,0.06251667387258175,False,1.5010921955108643
prinz1d,1000,20,6,980,4,1,0.0,0.11956898229176727,False,2.0801010131835938
prinz1d,1000,20,7,980,4,1,0.0,0.07307983305512152,False,1.8309707641601562
prinz1d,1000,20,8,980,4,1,0.0,0.058189244717696584,False,1.8214168548583984
prinz1d,1000,20,9,980,4,1,0.0,0.08019400214570112,False,1.7242443561553955
prinz1d,1000,50,0,950,4,1,0.0,0.039040915361539245,False,1.831536054611206
prinz1d,1000,50,1,950,4,1,0.0,0.06330402560830901,False,1.5399680137634277
prinz1d,1000,50,2,950,4,1,0.0,0.042739322428509946,False,1.728116750717163
prinz1d,1000,50,3,950,4,1,0.0,0.004246183442103994,False,1.5563831329345703
prinz1d,1000,50,4,950,4,2,0.34255330442840304,0.24899957395157848,False,1.5568482875823975
prinz1d,1000,50,5,950,4,1,0.0,0.07433838578842064,False,1.6456871032714844
prinz1d,1000,50,6,950,4,1,0.0,0.07469226560440692,False,1.6642920970916748
prinz1d,1000,50,7,950,4,1,0.0,0.011270942638025966,False,1.8132297992706299
prinz1d,1000,50,8,950,4,1,0.0,0.016250661695612754,False,1.585099458694458
prinz1d,1000,50,9,950,4,1,0.0,0.02890559204946171,False,1.7055611610412598
prinz1d,1000,100,0,900,4,1,0.0,0.029620378506693915,False,1.557492971420288
prinz1d,1000,100,1,900,4,1,0.0,0.03684488271698071,False,1.7352521419525146
prinz1d,1000,100,2,900,4,1,0.0,0.11420638931789676,False,1.5470201969146729
prinz1d,1000,100,3,900,4,1,0.0,0.037491679126228486,False,1.590144395828247
prinz1d,1000,100,4,900,4,2,0.26347288690813264,0.1765601365801146,False,1.8987267017364502
prinz1d,1000,100,5,900,4,1,0.0,0.06074221980778876,False,1.6107535362243652
prinz1d,1000,100,6,900,4,2,0.24778853792567568,0.17933440184428825,False,1.7074663639068604
prinz1d,1000,100,7,900,4,1,0.0,0.01923533365492769,False,1.650562047958374
prinz1d,1000,100,8,900,4,1,0.0,0.0151420485410536,False,1.5356905460357666
prinz1d,1000,100,9,900,4,1,0.0,0.01898443447184302,False,1.4825432300567627
prinz1d,2000,5,0,1995,4,4,0.49263762659412247,0.49263762659412247,False,2.8364975452423096
prinz1d,2000,5,1,1995,4,4,0.49693445016754545,0.49693445016754545,False,4.222078084945679
prinz1d,2000,5,2,1995,4,5,0.4918559871295058,0.38694273424244413,False,3.441286087036133
prinz1d,2000,5,3,1995,4,4,0.5544915901228724,0.5544915901228724,False,3.4004111289978027
prinz1d,2000,5,4,1995,4,4,0.5823602415769542,0.5823602415769542,False,3.907636880874634
prinz1d,2000,5,5,1995,4,4,0.6799662649276362,0.6799662649276362,False,3.547146797180176
prinz1d,2000,5,6,1995,4,3,0.4666144497691081,0.45082541764945055,False,3.6161603927612305
prinz1d,2000,5,7,1995,4,4,0.5379178565779464,0.5379178565779464,False,3.8129327297210693
prinz1d,2000,5,8,1995,4,4,0.5105250420013856,0.5105250420013856,False,3.7671380043029785
prinz1d,2000,5,9,1995,4,4,0.5869717151852862,0.5869717151852862,False,3.2870447635650635
prinz1d,2000,10,0,1990,4,4,0.4103665509087886,0.4103665509087886,False,2.902012825012207
prinz1d,2000,10,1,1990,4,2,0.49803732954311924,0.3375270817045368,False,2.5929696559906006
prinz1d,2000,10,2,1990,4,3,0.444660881814743,0.4146795811070667,False,3.0055575370788574
prinz1d,2000,10,3,1990,4,2,0.4764203252684111,0.3991692882211644,False,2.5683300495147705
prinz1d,2000,10,4,1990,4,3,0.509317452319844,0.41568726255096283,False,2.7227227687835693
prinz1d,2000,10,5,1990,4,3,0.5042154394447012,0.46261780092532795,False,2.7776224613189697
prinz1d,2000,10,6,1990,4,2,0.4543325160954011,0.3336112617999837,False,2.553298234939575
prinz1d,2000,10,7,1990,4,4,0.521453080490544,0.521453080490544,False,3.0390095710754395
prinz1d,2000,10,8,1990,4,2,0.47659336903538135,0.33019250437748676,False,2.4879801273345947
prinz1d,2000,10,9,1990,4,2,0.5143219494685621,0.33833973216563995,False,2.4791722297668457
prinz1d,2000,20,0,1980,4,2,0.2850073868023763,0.19641220472649162,False,2.769695520401001
prinz1d,2000,20,1,1980,4,2,0.4150024428713533,0.29789987365251747,False,2.5995709896087646
prinz1d,2000,20,2,1980,4,2,0.3736100538218904,0.2910919219602496,False,2.71296763420105
prinz1d,2000,20,3,1980,4,2,0.4445068872087108,0.3127191310301969,False,2.688793182373047
prinz1d,2000,20,4,1980,4,2,0.19707177435671477,0.1770767260610844,False,2.6668715476989746
prinz1d,2000,20,5,1980,4,2,0.4817748823778589,0.347408247364757,False,2.575413942337036
prinz1d,2000,20,6,1980,4,2,0.2418382218399772,0.1749856702541677,False,2.8690085411071777
prinz1d,2000,20,7,1980,4,2,0.39996440818063655,0.26725861378702204,False,2.683075189590454
prinz1d,2000,20,8,1980,4,1,0.0,0.09689996768162656,False,2.7868001461029053
prinz1d,2000,20,9,1980,4,2,0.3390157384165571,0.25232250932759154,False,2.908170223236084
prinz1d,2000,50,0,1950,4,1,0.0,0.0348073081236244,False,2.79582142829895
prinz1d,2000,50,1,1950,4,1,0.0,0.054491105729557454,False,2.9204554557800293
prinz1d,2000,50,2,1950,4,1,0.0,0.01838122206964914,False,2.7159762382507324
prinz1d,2000,50,3,1950,4,1,0.0,0.020037469992491074,False,2.7112741470336914
prinz1d,2000,50,4,1950,4,1,0.0,0.08385355920805297,False,2.635176420211792
prinz1d,2000,50,5,1950,4,1,0.0,0.11689908358376921,False,2.6944315433502197
prinz1d,2000,50,6,1950,4,1,0.0,0.0217629193321738,False,2.5490822792053223
prinz1d,2000,50,7,1950,4,1,0.0,0.005463444420991349,False,2.7603237628936768
prinz1d,2000,50,8,1950,4,1,0.0,0.05987376303140285,False,2.6581332683563232
prinz1d,2000,50,9,1950,4,1,0.0,0.09189243605569906,False,2.949367046356201
prinz1d,2000,100,0,1900,4,1,0.0,0.0716945806184234,False,2.792304754257202
prinz1d,2000,100,1,1900,4,1,0.0,0.02455439637623371,False,2.85048246383667
prinz1d,2000,100,2,1900,4,1,0.0,0.013419210743867434,False,2.8553731441497803
prinz1d,2000,100,3,1900,4,1,0.0,0.009430090120427115,False,2.7006406784057617
prinz1d,2000,100,4,1900,4,2,0.36518828436541134,0.24530597871179102,False,2.716632127761841
prinz1d,2000,100,5,1900,4,1,0.0,0.12957050716864743,False,2.8325393199920654
prinz1d,2000,100,6,1900,4,1,0.0,0.01030828968007556,False,2.761629343032837
prinz1d,2000,100,7,1900,4,1,0.0,0.10191181098002769,False,2.6318166255950928
prinz1d,2000,100,8,1900,4,1,0.0,0.027106858402208635,False,2.708496332168579
prinz1d,2000,100,9,1900,4,1,0.0,0.007182313178259157,False,2.7313430309295654
prinz1d,4000,5,0,3995,4,6,0.5548725670819552,0.5980525132022431,False,4.644674062728882
prinz1d,4000,5,1,3995,4,6,0.5317584744110857,0.6297993983354602,False,4.875837326049805
prinz1d,4000,5,2,3995,4,7,0.598376547836472,0.7102626197733242,False,4.830228567123413
prinz1d,4000,5,3,3995,4,7,0.5354473485395721,0.6301380205850174,False,4.98993444442749
prinz1d,4000,5,4,3995,4,7,0.5262166455028301,0.6497359516690543,False,4.209943771362305
prinz1d,4000,5,5,3995,4,8,0.5901855724849615,0.7847345894713873,False,4.368380308151245
prinz1d,4000,5,6,3995,4,6,0.4865878614910591,0.5665495491662685,False,4.707817554473877
prinz1d,4000,5,7,3995,4,6,0.5916891341666412,0.6977381337377394,False,4.380704402923584
prinz1d,4000,5,8,3995,4,7,0.5156668031036434,0.5998139445915052,False,5.030604124069214
prinz1d,4000,5,9,3995,4,5,0.7188552865199973,0.7817861944632101,False,4.881136417388916
prinz1d,4000,10,0,3990,4,4,0.48601824199899674,0.48601824199899674,False,6.905807733535767
prinz1d,4000,10,1,3990,4,4,0.5343780215969192,0.5343780215969192,False,6.525563478469849
prinz1d,4000,10,2,3990,4,4,0.5375282940693119,0.5375282940693119,False,6.038564443588257
prinz1d,4000,10,3,3990,4,5,0.5139716189138132,0.5578902611022222,False,7.128474235534668
prinz1d,4000,10,4,3990,4,4,0.5217666853773701,0.5217666853773701,False,6.60148024559021
prinz1d,4000,10,5,3990,4,4,0.7113706104426925,0.7113706104426925,False,5.944646596908569
prinz1d,4000,10,6,3990,4,4,0.46027068932096393,0.46027068932096393,False,6.913486003875732
prinz1d,4000,10,7,3990,4,4,0.5519509813069331,0.5519509813069331,False,6.716320514678955
prinz1d,4000,10,8,3990,4,5,0.4720475666850986,0.5419384789243398,False,6.429111480712891
prinz1d,4000,10,9,3990,4,4,0.6044514004708359,0.6044514004708359,False,6.835673093795776
prinz1d,4000,20,0,3980,4,6,0.3918000027190735,0.3470733747847522,False,4.734033584594727
prinz1d,4000,20,1,3980,4,4,0.48325747653935186,0.48325747653935186,False,5.717289686203003
prinz1d,4000,20,2,3980,4,5,0.3301710314863559,0.4051194808408196,False,5.120720148086548
prinz1d,4000,20,3,3980,4,4,0.4790094278549223,0.4790094278549223,False,5.981903314590454
prinz1d,4000,20,4,3980,4,4,0.48138836329750445,0.48138836329750445,False,6.076724052429199
prinz1d,4000,20,5,3980,4,5,0.5000552457857448,0.5723929378465357,False,5.7782042026519775
prinz1d,4000,20,6,3980,4,3,0.33725636667174397,0.3098970730557385,False,5.262299299240112
prinz1d,4000,20,7,3980,4,5,0.45382994311013436,0.38749617293051325,False,5.3513617515563965
prinz1d,4000,20,8,3980,4,4,0.3557676620664502,0.3557676620664502,False,5.136558771133423
prinz1d,4000,20,9,3980,4,7,0.33105673201931973,0.33712029946246536,False,5.0516297817230225
prinz1d,4000,50,0,3950,4,2,0.2161482010441381,0.1590370882461927,False,4.650586843490601
prinz1d,4000,50,1,3950,4,2,0.38260150662553755,0.29789398971389336,False,4.864948749542236
prinz1d,4000,50,2,3950,4,1,0.0,0.06993457072210524,False,5.042906045913696
prinz1d,4000,50,3,3950,4,2,0.336107519417154,0.2585601739584162,False,4.789011716842651
prinz1d,4000,50,4,3950,4,1,0.0,0.06156355042576627,False,4.845662593841553
prinz1d,4000,50,5,3950,4,2,0.43682887067635395,0.34131651253371414,False,4.831924200057983
prinz1d,4000,50,6,3950,4,3,0.2696471457114678,0.24912500143330601,False,5.00323224067688
prinz1d,4000,50,7,3950,4,2,0.4182568343029732,0.28626004017749185,False,4.908053874969482
prinz1d,4000,50,8,3950,4,1,0.0,0.0801393374289008,False,4.893212080001831
prinz1d,4000,50,9,3950,4,2,0.3318905376240519,0.22195494542767272,False,4.971281051635742
prinz1d,4000,100,0,3900,4,1,0.0,0.020195899373833474,False,4.924939870834351
prinz1d,4000,100,1,3900,4,1,0.0,0.09324199363702683,False,5.639930963516235
prinz1d,4000,100,2,3900,4,1,0.0,0.0165136839716508,False,5.300306081771851
prinz1d,4000,100,3,3900,4,1,0.0,0.09002458777098492,False,5.21084451675415
prinz1d,4000,100,4,3900,4,2,0.16566066317830336,0.11718355904678848,False,5.497474193572998
prinz1d,4000,100,5,3900,4,2,0.17827182982631312,0.1804801221289912,False,4.856222629547119
prinz1d,4000,100,6,3900,4,1,0.0,0.027416414270926327,False,4.914977788925171
prinz1d,4000,100,7,3900,4,2,0.14413507388320287,0.15840359344831645,False,5.0440356731414795
prinz1d,4000,100,8,3900,4,1,0.0,0.08045055016619482,False,5.251650094985962
prinz1d,4000,100,9,3900,4,1,0.0,0.09787800435505686,False,5.604175567626953
prinz1d,8000,5,0,7995,4,10,0.5210941847902694,0.711059076644752,False,11.355568647384644
prinz1d,8000,5,1,7995,4,9,0.5870337127321699,0.8327244347671977,False,11.568298101425171
prinz1d,8000,5,2,7995,4,11,0.523479373181279,0.8752476063997133,False,10.66665005683899
prinz1d,8000,5,3,7995,4,8,0.596037934256274,0.7678135668049404,False,10.504134893417358
prinz1d,8000,5,4,7995,4,8,0.6040671953558215,0.7742629093462983,False,10.63962435722351
prinz1d,8000,5,5,7995,4,9,0.6082907125808363,0.7895580447573687,False,11.133761882781982
prinz1d,8000,5,6,7995,4,9,0.5050590068938516,0.5949261965494334,False,11.152255058288574
prinz1d,8000,5,7,7995,4,9,0.5906225020663587,0.7876849336707366,False,10.846481800079346
prinz1d,8000,5,8,7995,4,9,0.5664439853755469,0.7059370514427751,False,11.47582721710205
prinz1d,8000,5,9,7995,4,10,0.5353171691649753,0.8366695378721202,False,13.676491260528564
prinz1d,8000,10,0,7990,4,9,0.48675453684550707,0.6211182715123441,False,11.39121127128601
prinz1d,8000,10,1,7990,4,8,0.5119167156032294,0.6682253568608512,False,11.499879121780396
prinz1d,8000,10,2,7990,4,7,0.5826531308048566,0.7133080976083478,False,11.057205438613892
prinz1d,8000,10,3,7990,4,8,0.4939039162309654,0.6260447683505689,False,11.929952144622803
prinz1d,8000,10,4,7990,4,8,0.5041203793713118,0.6534291415902642,False,10.989692449569702
prinz1d,8000,10,5,7990,4,9,0.5777482699135097,0.8024295473431806,False,10.931776523590088
prinz1d,8000,10,6,7990,4,8,0.5233858331948192,0.6433585757398401,False,11.930248975753784
prinz1d,8000,10,7,7990,4,8,0.5198152727254336,0.6878817398706099,False,11.325197219848633
prinz1d,8000,10,8,7990,4,9,0.49229337178644367,0.6576581646260127,False,11.997096538543701
prinz1d,8000,10,9,7990,4,8,0.5702600366353048,0.7950225576658134,False,11.640021800994873
prinz1d,8000,20,0,7980,4,4,0.5371635454206402,0.5371635454206402,False,14.385830640792847
prinz1d,8000,20,1,7980,4,4,0.5483644992034775,0.5483644992034775,False,14.950676202774048
prinz1d,8000,20,2,7980,4,4,0.6235000282030092,0.6235000282030092,False,15.284715175628662
prinz1d,8000,20,3,7980,4,7,0.48063139129327725,0.6042174212249437,False,15.23992133140564
prinz1d,8000,20,4,7980,4,6,0.5027476546958908,0.6050807041221188,False,15.3030424118042
prinz1d,8000,20,5,7980,4,7,0.6136993965001234,0.8142655108401262,False,13.052799940109253
prinz1d,8000,20,6,7980,4,5,0.44253984665081963,0.434193966231242,False,15.137491226196289
prinz1d,8000,20,7,7980,4,4,0.584633843534735,0.584633843534735,False,15.689655303955078
prinz1d,8000,20,8,7980,4,5,0.5045531491158212,0.5399697079648088,False,14.996779918670654
prinz1d,8000,20,9,7980,4,5,0.555144903129105,0.5898179312654137,False,17.048975467681885
prinz1d,8000,50,0,7950,4,5,0.39789438875777067,0.33457431350480793,False,12.043846130371094
prinz1d,8000,50,1,7950,4,7,0.34355786543479483,0.3944155652617997,False,12.453739881515503
prinz1d,8000,50,2,7950,4,4,0.5040719374720172,0.5040719374720172,False,14.401712417602539
prinz1d,8000,50,3,7950,4,4,0.4245334860418411,0.4245334860418411,False,14.283594369888306
prinz1d,8000,50,4,7950,4,4,0.7086500960995054,0.7086500960995054,False,11.507067203521729
prinz1d,8000,50,5,7950,4,5,0.5150784731387151,0.5616072946735778,False,14.841259241104126
prinz1d,8000,50,6,7950,4,5,0.3359909480375142,0.3272102734405996,False,15.225167989730835
prinz1d,8000,50,7,7950,4,4,0.49260941749440795,0.49260941749440795,False,12.67188811302185
prinz1d,8000,50,8,7950,4,2,0.477317580448028,0.32828990884999787,False,11.310453414916992
prinz1d,8000,50,9,7950,4,7,0.39108594627959004,0.3427053208685091,False,12.970070600509644
prinz1d,8000,100,0,7900,4,3,0.4042118628696701,0.31141987431737034,False,11.863215208053589
prinz1d,8000,100,1,7900,4,2,0.4746107249338222,0.3120332862064907,False,11.18293285369873
prinz1d,8000,100,2,7900,4,2,0.2925190937019089,0.19822146148068795,False,11.350556135177612
prinz1d,8000,100,3,7900,4,4,0.4057027959687892,0.4057027959687892,False,11.313005685806274
prinz1d,8000,100,4,7900,4,1,0.0,0.06983090864042925,False,10.932031631469727
prinz1d,8000,100,5,7900,4,6,0.431787407150259,0.38053713543903006,False,13.194331169128418
prinz1d,8000,100,6,7900,4,3,0.3844419867358768,0.40842239261349556,False,11.601293563842773
prinz1d,8000,100,7,7900,4,4,0.4582515089773047,0.4582515089773047,False,12.786220788955688
prinz1d,8000,100,8,7900,4,1,0.0,0.04145040679037704,False,11.536709308624268
prinz1d,8000,100,9,7900,4,2,0.4265770307514839,0.31675992728604496,False,12.303137302398682
prinz1d,16000,5,0,15995,4,12,0.46827349009036484,0.8022268707188089,False,48.50471639633179
prinz1d,16000,5,1,15995,4,14,0.4523205130877766,0.9195041607896506,False,48.36880660057068
prinz1d,16000,5,2,15995,4,13,0.4274769483318293,0.8659216229519905,False,46.216511964797974
prinz1d,16000,5,3,15995,4,12,0.47922152503607757,0.8925928517942742,False,47.54027771949768
prinz1d,16000,5,4,15995,4,13,0.4764326153184651,0.8875647568680659,False,47.477901458740234
prinz1d,16000,5,5,15995,4,13,0.42434143938055696,0.9089575251851949,False,45.11347961425781
prinz1d,16000,5,6,15995,4,13,0.4103828136705973,0.7608899840075725,False,45.82410025596619
prinz1d,16000,5,7,15995,4,13,0.46686903392437995,0.8710505122068334,False,45.37916588783264
prinz1d,16000,5,8,15995,4,12,0.43604248432405,0.8686496596506259,False,44.69322419166565
prinz1d,16000,5,9,15995,4,12,0.49674057040392305,0.9370917511867308,False,44.56833267211914
prinz1d,16000,10,0,15990,4,11,0.528570223693832,0.763394995587429,False,44.99577617645264
prinz1d,16000,10,1,15990,4,12,0.5231966158898994,0.819525773429287,False,45.64923810958862
prinz1d,16000,10,2,15990,4,12,0.46978137546955306,0.8634188070794706,False,47.08060121536255
prinz1d,16000,10,3,15990,4,11,0.527413676582187,0.7923698701273163,False,47.02434706687927
prinz1d,16000,10,4,15990,4,11,0.5435423590844712,0.8012163029187174,False,45.89715075492859
prinz1d,16000,10,5,15990,4,11,0.5241950889954294,0.8095466960575132,False,46.042858600616455
prinz1d,16000,10,6,15990,4,12,0.41276810136828956,0.6730669039766489,False,45.62472629547119
prinz1d,16000,10,7,15990,4,13,0.5208381933699164,0.8152414488277588,False,45.5685453414917
prinz1d,16000,10,8,15990,4,11,0.5225698390878786,0.7505076415540377,False,44.95924711227417
prinz1d,16000,10,9,15990,4,10,0.5590542383793636,0.8768529245779736,False,45.652742862701416
prinz1d,16000,20,0,15980,4,10,0.4798717067861174,0.6389045790991272,False,46.2344970703125
prinz1d,16000,20,1,15980,4,10,0.5009345596774364,0.6934107428095371,False,46.96212577819824
prinz1d,16000,20,2,15980,4,11,0.46990268396990714,0.794359231782463,False,45.683274030685425
prinz1d,16000,20,3,15980,4,11,0.4980215074805489,0.5437271253247542,False,47.805935859680176
prinz1d,16000,20,4,15980,4,10,0.5221559239876289,0.6961455416635547,False,46.67811918258667
prinz1d,16000,20,5,15980,4,11,0.5263488767744565,0.8096246731794179,False,45.58983302116394
prinz1d,16000,20,6,15980,4,10,0.44378681743634396,0.6273174836412803,False,45.14080882072449
prinz1d,16000,20,7,15980,4,10,0.4748850510533548,0.7204223296987523,False,45.02293586730957
prinz1d,16000,20,8,15980,4,9,0.5289199307568072,0.6764213160074541,False,45.729095697402954
prinz1d,16000,20,9,15980,4,9,0.5599386415901635,0.8231529548084826,False,45.38304877281189
prinz1d,16000,50,0,15950,4,4,0.5239812880963672,0.5239812880963672,False,54.413206338882446
prinz1d,16000,50,1,15950,4,7,0.4366491368157225,0.4317278443404464,False,58.56701183319092
prinz1d,16000,50,2,15950,4,6,0.5160328410254932,0.5954632964627492,False,53.14788556098938
prinz1d,16000,50,3,15950,4,10,0.4372091589767383,0.6353009814060318,False,50.762479066848755
prinz1d,16000,50,4,15950,4,5,0.5373787143647073,0.583191160370807,False,52.946184158325195
prinz1d,16000,50,5,15950,4,8,0.5186034936939086,0.815153365996322,False,47.65288853645325
prinz1d,16000,50,6,15950,4,10,0.2614304638978211,0.44512067861381854,False,53.00837063789368
prinz1d,16000,50,7,15950,4,5,0.5885441934959855,0.6327857830174787,False,52.37546110153198
prinz1d,16000,50,8,15950,4,7,0.3910055319344523,0.5185844927832863,False,52.489503145217896
prinz1d,16000,50,9,15950,4,6,0.4397139203227466,0.5577202776286683,False,52.97428512573242
prinz1d,16000,100,0,15900,4,5,0.40268237214386515,0.3417125895377539,False,45.36694145202637
prinz1d,16000,100,1,15900,4,5,0.5792717421326605,0.6015267479281647,False,49.62747120857239
prinz1d,16000,100,2,15900,4,6,0.41592617651361075,0.5096120848263089,False,51.53340244293213
prinz1d,16000,100,3,15900,4,6,0.42140308178464203,0.5078552187615047,False,56.06712222099304
prinz1d,16000,100,4,15900,4,7,0.5827949768666422,0.7837241765592624,False,46.2257661819458
prinz1d,16000,100,5,15900,4,5,0.5392149820894526,0.5871170345565587,False,53.12813854217529
prinz1d,16000,100,6,15900,4,7,0.2898689109401116,0.44665345235509657,False,55.09157133102417
prinz1d,16000,100,7,15900,4,4,0.5552925215401232,0.5552925215401232,False,52.98549675941467
prinz1d,16000,100,8,15900,4,4,0.3780584301766343,0.3780584301766343,False,45.52942967414856
prinz1d,16000,100,9,15900,4,4,0.6778623832736033,0.6778623832736033,False,55.121774196624756
